;Имя;Отчество;Фамилия;Название;PDF;Wiki;Ссылка
0;А.;С.;Пушкин;Евгений Онегин;1;1;ru.wikisource.org/wiki/%D0%95%D0%B2%D0%B3%D0%B5%D0%BD%D0%B8%D0%B9_%D0%9E%D0%BD%D0%B5%D0%B3%D0%B8%D0%BD
1;А.;С.;Пушкин;Руслан и Людмила;1;1;ru.wikisource.org/wiki/%D0%A0%D1%83%D1%81%D0%BB%D0%B0%D0%BD_%D0%B8_%D0%9B%D1%8E%D0%B4%D0%BC%D0%B8%D0%BB%D0%B0
2;А.;С.;Пушкин;Капитанская дочка;1;1;ru.wikisource.org/wiki/%D0%9A%D0%B0%D0%BF%D0%B8%D1%82%D0%B0%D0%BD%D1%81%D0%BA%D0%B0%D1%8F_%D0%B4%D0%BE%D1%87%D0%BA%D0%B0
3;А.;С.;Пушкин;Борис Годунов;1;1;ru.wikisource.org/wiki/%D0%91%D0%BE%D1%80%D0%B8%D1%81_%D0%93%D0%BE%D0%B4%D1%83%D0%BD%D0%BE%D0%B2_(%D0%9F%D1%83%D1%88%D0%BA%D0%B8%D0%BD)
4;А.;С.;Пушкин;Барышня-крестьянка;0;1;ru.wikisource.org/wiki/%D0%91%D0%B0%D1%80%D1%8B%D1%88%D0%BD%D1%8F-%D0%BA%D1%80%D0%B5%D1%81%D1%82%D1%8C%D1%8F%D0%BD%D0%BA%D0%B0
5;А.;С.;Пушкин;Цветок;0;1;ru.wikisource.org/wiki/%D0%A6%D0%B2%D0%B5%D1%82%D0%BE%D0%BA_(%D0%9F%D1%83%D1%88%D0%BA%D0%B8%D0%BD)
6;А.;С.;Пушкин;Бесы;0;1;ru.wikisource.org/wiki/%D0%91%D0%B5%D1%81%D1%8B_(%D0%9F%D1%83%D1%88%D0%BA%D0%B8%D0%BD)
7;А.;С.;Пушкин;Я помню чудное мгновенье;0;1;ru.wikisource.org/wiki/%D0%9A_***_%D0%9A%D0%B5%D1%80%D0%BD_(%D0%9F%D1%83%D1%88%D0%BA%D0%B8%D0%BD)
8;А.;С.;Пушкин;Зимнее утро;0;1;ru.wikisource.org/wiki/%D0%97%D0%B8%D0%BC%D0%BD%D0%B5%D0%B5_%D1%83%D1%82%D1%80%D0%BE
9;А.;С.;Пушкин;Станционный смотритель;0;1;ru.wikisource.org/wiki/%D0%A1%D1%82%D0%B0%D0%BD%D1%86%D0%B8%D0%BE%D0%BD%D0%BD%D1%8B%D0%B9_%D1%81%D0%BC%D0%BE%D1%82%D1%80%D0%B8%D1%82%D0%B5%D0%BB%D1%8C
10;А.;С.;Пушкин;Зимний вечер;0;1;ru.wikisource.org/wiki/%D0%97%D0%B8%D0%BC%D0%BD%D0%B8%D0%B9_%D0%B2%D0%B5%D1%87%D0%B5%D1%80
11;А.;С.;Пушкин;Ещё дуют холодные ветры;0;1;ru.wikisource.org/wiki/%D0%95%D1%89%D1%91_%D0%B4%D1%83%D1%8E%D1%82_%D1%85%D0%BE%D0%BB%D0%BE%D0%B4%D0%BD%D1%8B%D0%B5_%D0%B2%D0%B5%D1%82%D1%80%D1%8B
12;А.;С.;Пушкин;Во глубине сибирских руд;0;1;ru.wikisource.org/wiki/%D0%92%D0%BE_%D0%B3%D0%BB%D1%83%D0%B1%D0%B8%D0%BD%D0%B5_%D1%81%D0%B8%D0%B1%D0%B8%D1%80%D1%81%D0%BA%D0%B8%D1%85_%D1%80%D1%83%D0%B4
13;А.;С.;Пушкин;19 октября;0;1;ru.wikisource.org/wiki/19_%D0%BE%D0%BA%D1%82%D1%8F%D0%B1%D1%80%D1%8F_(%D0%9F%D1%83%D1%88%D0%BA%D0%B8%D0%BD)
14;А.;С.;Пушкин;Вновь я посетил;0;1;ru.wikisource.org/wiki/%D0%92%D0%BD%D0%BE%D0%B2%D1%8C_%D1%8F_%D0%BF%D0%BE%D1%81%D0%B5%D1%82%D0%B8%D0%BB
15;А.;С.;Пушкин;Жених;0;1;ru.wikisource.org/wiki/%D0%96%D0%B5%D0%BD%D0%B8%D1%85_(%D0%9F%D1%83%D1%88%D0%BA%D0%B8%D0%BD)
16;А.;С.;Пушкин;К Чаадаеву;0;1;ru.wikisource.org/wiki/%D0%9A_%D0%A7%D0%B0%D0%B0%D0%B4%D0%B0%D0%B5%D0%B2%D1%83_(%D0%9F%D1%83%D1%88%D0%BA%D0%B8%D0%BD)
17;А.;С.;Пушкин;Метель;0;1;ru.wikisource.org/wiki/%D0%9C%D0%B5%D1%82%D0%B5%D0%BB%D1%8C_(%D0%9F%D1%83%D1%88%D0%BA%D0%B8%D0%BD)
18;А.;С.;Пушкин;"Повести Белкина
Метель
Станционный смотритель
Выстрел
Гробовщик
Барышня-крестьянка";0;1;ru.wikisource.org/wiki/%D0%9F%D0%BE%D0%B2%D0%B5%D1%81%D1%82%D0%B8_%D0%91%D0%B5%D0%BB%D0%BA%D0%B8%D0%BD%D0%B0
19;А.;С.;Пушкин;Выстрел;0;1;ru.wikisource.org/wiki/%D0%92%D1%8B%D1%81%D1%82%D1%80%D0%B5%D0%BB
20;А.;С.;Пушкин;Храни меня, мой талисман;0;1;ru.wikisource.org/wiki/%D0%A5%D1%80%D0%B0%D0%BD%D0%B8_%D0%BC%D0%B5%D0%BD%D1%8F,_%D0%BC%D0%BE%D0%B9_%D1%82%D0%B0%D0%BB%D0%B8%D1%81%D0%BC%D0%B0%D0%BD
21;А.;С.;Пушкин;Песнь о вещем Олеге;0;1;ru.wikisource.org/wiki/%D0%9F%D0%B5%D1%81%D0%BD%D1%8C_%D0%BE_%D0%B2%D0%B5%D1%89%D0%B5%D0%BC_%D0%9E%D0%BB%D0%B5%D0%B3%D0%B5
22;А.;С.;Пушкин;Анчар;0;1;ru.wikisource.org/wiki/%D0%90%D0%BD%D1%87%D0%B0%D1%80
23;А.;С.;Пушкин;Мадона;0;1;ru.wikisource.org/wiki/%D0%9C%D0%B0%D0%B4%D0%BE%D0%BD%D0%B0_(%D0%9F%D1%83%D1%88%D0%BA%D0%B8%D0%BD)
24;А.;С.;Пушкин;Няне;0;1;ru.wikisource.org/wiki/%D0%9D%D1%8F%D0%BD%D0%B5
25;А.;С.;Пушкин;Гробовщик;0;1;ru.wikisource.org/wiki/%D0%93%D1%80%D0%BE%D0%B1%D0%BE%D0%B2%D1%89%D0%B8%D0%BA
26;А.;С.;Пушкин;Сожженное письмо;0;1;ru.wikisource.org/wiki/%D0%A1%D0%BE%D0%B6%D0%B6%D0%B5%D0%BD%D0%BD%D0%BE%D0%B5_%D0%BF%D0%B8%D1%81%D1%8C%D0%BC%D0%BE
27;А.;С.;Пушкин;Поэт;0;1;ru.wikisource.org/wiki/%D0%9F%D0%BE%D1%8D%D1%82_(%D0%9F%D1%83%D1%88%D0%BA%D0%B8%D0%BD)
28;А.;С.;Пушкин;Арион;0;1;ru.wikisource.org/wiki/%D0%90%D1%80%D0%B8%D0%BE%D0%BD
29;А.;С.;Пушкин;И. И. Пущину;0;1;ru.wikisource.org/wiki/%D0%98._%D0%98._%D0%9F%D1%83%D1%89%D0%B8%D0%BD%D1%83
30;А.;С.;Пушкин;Дубровский;0;1;ru.wikisource.org/wiki/%D0%94%D1%83%D0%B1%D1%80%D0%BE%D0%B2%D1%81%D0%BA%D0%B8%D0%B9
31;А.;С.;Пушкин;Кипренскому;0;1;ru.wikisource.org/wiki/%D0%9A%D0%B8%D0%BF%D1%80%D0%B5%D0%BD%D1%81%D0%BA%D0%BE%D0%BC%D1%83
32;А.;С.;Пушкин;Птичка;0;1;ru.wikisource.org/wiki/%D0%9F%D1%82%D0%B8%D1%87%D0%BA%D0%B0_(%D0%9F%D1%83%D1%88%D0%BA%D0%B8%D0%BD)
33;А.;С.;Пушкин;Туча;0;1;ru.wikisource.org/wiki/%D0%A2%D1%83%D1%87%D0%B0_(%D0%9F%D1%83%D1%88%D0%BA%D0%B8%D0%BD)
34;А.;С.;Пушкин;Я памятник себе воздвиг нерукотворный;0;1;ru.wikisource.org/wiki/%D0%AF_%D0%BF%D0%B0%D0%BC%D1%8F%D1%82%D0%BD%D0%B8%D0%BA_%D1%81%D0%B5%D0%B1%D0%B5_%D0%B2%D0%BE%D0%B7%D0%B4%D0%B2%D0%B8%D0%B3_%D0%BD%D0%B5%D1%80%D1%83%D0%BA%D0%BE%D1%82%D0%B2%D0%BE%D1%80%D0%BD%D1%8B%D0%B9
35;А.;С.;Пушкин;Я вас любил;0;1;ru.wikisource.org/wiki/%D0%AF_%D0%B2%D0%B0%D1%81_%D0%BB%D1%8E%D0%B1%D0%B8%D0%BB_(%D0%9F%D1%83%D1%88%D0%BA%D0%B8%D0%BD)
36;А.;С.;Пушкин;Зимняя дорога;0;1;ru.wikisource.org/wiki/%D0%97%D0%B8%D0%BC%D0%BD%D1%8F%D1%8F_%D0%B4%D0%BE%D1%80%D0%BE%D0%B3%D0%B0
37;А.;С.;Пушкин;Медный всадник;0;1;ru.wikisource.org/wiki/%D0%9C%D0%B5%D0%B4%D0%BD%D1%8B%D0%B9_%D0%B2%D1%81%D0%B0%D0%B4%D0%BD%D0%B8%D0%BA_(%D0%9F%D1%83%D1%88%D0%BA%D0%B8%D0%BD)
38;А.;С.;Пушкин;Узник;0;1;ru.wikisource.org/wiki/%D0%A3%D0%B7%D0%BD%D0%B8%D0%BA_(%D0%9F%D1%83%D1%88%D0%BA%D0%B8%D0%BD)
39;А.;С.;Пушкин;На холмах Грузии;0;1;ru.wikisource.org/wiki/%D0%9D%D0%B0_%D1%85%D0%BE%D0%BB%D0%BC%D0%B0%D1%85_%D0%93%D1%80%D1%83%D0%B7%D0%B8%D0%B8
40;А.;С.;Пушкин;Пушкину;0;1;ru.wikisource.org/wiki/%D0%92._%D0%9B._%D0%9F%D1%83%D1%88%D0%BA%D0%B8%D0%BD%D1%83_(%D0%9F%D1%83%D1%88%D0%BA%D0%B8%D0%BD)
41;А.;С.;Пушкин;Пророк;0;1;ru.wikisource.org/wiki/%D0%9F%D1%80%D0%BE%D1%80%D0%BE%D0%BA_(%D0%9F%D1%83%D1%88%D0%BA%D0%B8%D0%BD)
42;А.;С.;Пушкин;Полтава;0;1;ru.wikisource.org/wiki/%D0%9F%D0%BE%D0%BB%D1%82%D0%B0%D0%B2%D0%B0
43;А.;С.;Пушкин;Признание;0;1;ru.wikisource.org/wiki/%D0%9F%D1%80%D0%B8%D0%B7%D0%BD%D0%B0%D0%BD%D0%B8%D0%B5_(%D0%9F%D1%83%D1%88%D0%BA%D0%B8%D0%BD)
44;А.;С.;Пушкин;Маленькие трагедии;1;0;
45;А.;С.;Пушкин;Сказка о рыбаке и рыбке;1;0;
46;А.;С.;Пушкин;Сказка о царе Салтане;1;0;
47;А.;С.;Пушкин;Повести Белкина;1;0;
48;А.;С.;Пушкин;Пиковая дама;1;0;
49;А.;С.;Пушкин;Сказка о мертвой царевне и семи богатырях;1;0;
50;А.;С.;Пушкин;Сказка о золотом петушке;1;0;
51;А.;С.;Пушкин;У лукоморья дуб зеленый;1;0;
52;А.;С.;Пушкин;Сказка о попе и работнике его Балде;1;0;
53;А.;С.;Пушкин;История села Горюхина;1;0;
54;М.;;Горький;Челкаш;1;1;ru.wikisource.org/wiki/%D0%A7%D0%B5%D0%BB%D0%BA%D0%B0%D1%88_(%D0%93%D0%BE%D1%80%D1%8C%D0%BA%D0%B8%D0%B9)
55;М.;;Горький;На дне;1;1;ru.wikisource.org/wiki/%D0%9D%D0%B0_%D0%B4%D0%BD%D0%B5_(%D0%93%D0%BE%D1%80%D1%8C%D0%BA%D0%B8%D0%B9)
56;М.;;Горький;Старуха Изергиль;1;1;ru.wikisource.org/wiki/%D0%A1%D1%82%D0%B0%D1%80%D1%83%D1%85%D0%B0_%D0%98%D0%B7%D0%B5%D1%80%D0%B3%D0%B8%D0%BB%D1%8C_(%D0%93%D0%BE%D1%80%D1%8C%D0%BA%D0%B8%D0%B9)
57;М.;;Горький;Макар Чудра;1;1;ru.wikisource.org/wiki/%D0%9C%D0%B0%D0%BA%D0%B0%D1%80_%D0%A7%D1%83%D0%B4%D1%80%D0%B0_(%D0%93%D0%BE%D1%80%D1%8C%D0%BA%D0%B8%D0%B9)
58;М.;;Горький;Фома Гордеев;0;1;ru.wikisource.org/wiki/%D0%9C%D0%B5%D1%89%D0%B0%D0%BD%D0%B5_(%D0%93%D0%BE%D1%80%D1%8C%D0%BA%D0%B8%D0%B9)
59;М.;;Горький;Публицистика;0;1;
60;М.;;Горький;Литературные портреты (В. И. Ленин, Л. Н. Толстой);0;1;
61;М.;;Горький;Мои университеты;0;1;ru.wikisource.org/wiki/%D0%9D%D0%B0_%D0%B4%D0%BD%D0%B5_(%D0%93%D0%BE%D1%80%D1%8C%D0%BA%D0%B8%D0%B9)
62;М.;;Горький;Сказки об Италии — 1-4;0;1;ru.wikisource.org/wiki/%D0%A7%D0%B5%D0%BB%D0%BA%D0%B0%D1%88_(%D0%93%D0%BE%D1%80%D1%8C%D0%BA%D0%B8%D0%B9)
63;М.;;Горький;Егор Булычёв и другие;0;1;ru.wikisource.org/wiki/%D0%9C%D0%B5%D1%89%D0%B0%D0%BD%D0%B5_(%D0%93%D0%BE%D1%80%D1%8C%D0%BA%D0%B8%D0%B9)
64;М.;;Горький;Мать;0;1;ru.wikisource.org/wiki/%D0%9C%D0%B0%D1%82%D1%8C_(%D0%93%D0%BE%D1%80%D1%8C%D0%BA%D0%B8%D0%B9)
65;М.;;Горький;Мещане;0;1;ru.wikisource.org/wiki/%D0%9C%D0%B5%D1%89%D0%B0%D0%BD%D0%B5_(%D0%93%D0%BE%D1%80%D1%8C%D0%BA%D0%B8%D0%B9)
66;М.;;Горький;Несвоевременные мысли;0;1;ru.wikisource.org/wiki/%D0%A0%D0%B5%D0%B2%D0%BE%D0%BB%D1%8E%D1%86%D0%B8%D1%8F_%D0%B8_%D0%BA%D1%83%D0%BB%D1%8C%D1%82%D1%83%D1%80%D0%B0_(%D0%93%D0%BE%D1%80%D1%8C%D0%BA%D0%B8%D0%B9_1918)
67;М.;;Горький;Ма-аленькая!;0;1;ru.wikisource.org/wiki/%D0%9C%D0%B0-%D0%B0%D0%BB%D0%B5%D0%BD%D1%8C%D0%BA%D0%B0%D1%8F!_(%D0%93%D0%BE%D1%80%D1%8C%D0%BA%D0%B8%D0%B9)
68;М.;;Горький;Песня о Соколе;0;1;ru.wikisource.org/wiki/%D0%94%D0%B5%D1%82%D1%81%D1%82%D0%B2%D0%BE_(%D0%93%D0%BE%D1%80%D1%8C%D0%BA%D0%B8%D0%B9)
69;М.;;Горький;Детство;0;1;ru.wikisource.org/wiki/%D0%94%D0%B5%D1%82%D1%81%D1%82%D0%B2%D0%BE_(%D0%93%D0%BE%D1%80%D1%8C%D0%BA%D0%B8%D0%B9)
70;А.;В.;Вампилов;Прошлым летом в Чулимске;0;1;
71;А.;В.;Вампилов;Свидание;0;1;
72;А.;В.;Вампилов;Старший сын;0;1;
73;А.;В.;Вампилов;Утиная охота;1;0;
74;Ф.;М.;Достоевский;Преступление и наказание;1;1;ru.wikisource.org/wiki/%D0%9F%D1%80%D0%B5%D1%81%D1%82%D1%83%D0%BF%D0%BB%D0%B5%D0%BD%D0%B8%D0%B5_%D0%B8_%D0%BD%D0%B0%D0%BA%D0%B0%D0%B7%D0%B0%D0%BD%D0%B8%D0%B5_(%D0%94%D0%BE%D1%81%D1%82%D0%BE%D0%B5%D0%B2%D1%81%D0%BA%D0%B8%D0%B9)
75;Ф.;М.;Достоевский;Белые ночи;1;1;ru.wikisource.org/wiki/%D0%91%D0%B5%D0%BB%D1%8B%D0%B5_%D0%BD%D0%BE%D1%87%D0%B8
76;Ф.;М.;Достоевский;Бедные люди;1;1;ru.wikisource.org/wiki/%D0%91%D0%B5%D0%B4%D0%BD%D1%8B%D0%B5_%D0%BB%D1%8E%D0%B4%D0%B8_(%D0%94%D0%BE%D1%81%D1%82%D0%BE%D0%B5%D0%B2%D1%81%D0%BA%D0%B8%D0%B9)
77;Ф.;М.;Достоевский;Идиот;1;1;ru.wikisource.org/wiki/%D0%98%D0%B4%D0%B8%D0%BE%D1%82
78;Ф.;М.;Достоевский;Мальчик у Христа на ёлке;0;1;ru.wikisource.org/wiki/%D0%9C%D0%B0%D0%BB%D1%8C%D1%87%D0%B8%D0%BA_%D1%83_%D0%A5%D1%80%D0%B8%D1%81%D1%82%D0%B0_%D0%BD%D0%B0_%D1%91%D0%BB%D0%BA%D0%B5
79;Ф.;М.;Достоевский;Униженные и оскорбленные;1;0;
80;Ф.;М.;Достоевский;Бесы;1;0;
81;Ф.;М.;Достоевский;Неточка Незванова;1;0;
82;М.;;Твен;Приключения Тома Сойера;0;1;ru.wikisource.org/wiki/%D0%A7%D0%B5%D1%80%D0%B5%D0%BF%D0%B0%D1%85%D0%B0
83;М.;;Твен;Приключения Гекльберри Финна;0;1;ru.wikisource.org/wiki/%D0%A7%D0%B5%D1%80%D0%B5%D0%BF%D0%B0%D1%85%D0%B0
84;М.;;Твен;Янки при дворе короля Артура;1;0;
85;М.;;Твен;Принц и нищий;1;0;
86;И.;А.;Гончаров;Обыкновенная история;1;1;ru.wikisource.org/wiki/%D0%9E%D0%B1%D1%8B%D0%BA%D0%BD%D0%BE%D0%B2%D0%B5%D0%BD%D0%BD%D0%B0%D1%8F_%D0%B8%D1%81%D1%82%D0%BE%D1%80%D0%B8%D1%8F_(%D0%93%D0%BE%D0%BD%D1%87%D0%B0%D1%80%D0%BE%D0%B2)
87;И.;А.;Гончаров;Обломов;1;1;ru.wikisource.org/wiki/%D0%9E%D0%B1%D0%BB%D0%BE%D0%BC%D0%BE%D0%B2
88;И.;А.;Гончаров;Обрыв;1;1;ru.wikisource.org/wiki/%D0%9E%D0%B1%D1%80%D1%8B%D0%B2
89;И.;А.;Гончаров;Мильон терзаний;0;1;ru.wikisource.org/wiki/%D0%9C%D0%B8%D0%BB%D1%8C%D0%BE%D0%BD_%D1%82%D0%B5%D1%80%D0%B7%D0%B0%D0%BD%D0%B8%D0%B9
90;И.;А.;Гончаров;Фрегат Паллада;1;0;
91;Н.;М.;Карамзин;Осень;0;1;ru.wikisource.org/wiki/%D0%9E%D1%81%D0%B5%D0%BD%D1%8C_(%D0%9A%D0%B0%D1%80%D0%B0%D0%BC%D0%B7%D0%B8%D0%BD)
92;Н.;М.;Карамзин;Остров Борнгольм;1;0;
93;Н.;М.;Карамзин;Бедная Лиза;1;0;
94;А.;А.;Фет;Скрип шагов вдоль улиц белых…;0;1;ru.wikisource.org/wiki/%D0%A1%D0%BA%D1%80%D0%B8%D0%BF_%D1%88%D0%B0%D0%B3%D0%BE%D0%B2_%D0%B2%D0%B4%D0%BE%D0%BB%D1%8C_%D1%83%D0%BB%D0%B8%D1%86_%D0%B1%D0%B5%D0%BB%D1%8B%D1%85_(%D0%A4%D0%B5%D1%82)
95;А.;А.;Фет;Певице;0;1;ru.wikisource.org/wiki/%D0%9F%D0%B5%D0%B2%D0%B8%D1%86%D0%B5_(%D0%A4%D0%B5%D1%82)
96;А.;А.;Фет;Летний вечер тих и ясен…;0;1;ru.wikisource.org/wiki/%D0%9B%D0%B5%D1%82%D0%BD%D0%B8%D0%B9_%D0%B2%D0%B5%D1%87%D0%B5%D1%80_%D1%82%D0%B8%D1%85_%D0%B8_%D1%8F%D1%81%D0%B5%D0%BD_(%D0%A4%D0%B5%D1%82)
97;А.;А.;Фет;На заре ты её не буди…;0;1;ru.wikisource.org/wiki/%D0%9D%D0%B0_%D0%B7%D0%B0%D1%80%D0%B5_%D1%82%D1%8B_%D0%B5%D1%91_%D0%BD%D0%B5_%D0%B1%D1%83%D0%B4%D0%B8_(%D0%A4%D0%B5%D1%82)
98;А.;А.;Фет;Бал;0;1;ru.wikisource.org/wiki/%D0%91%D0%B0%D0%BB_(%D0%A4%D0%B5%D1%82)
99;А.;А.;Фет;Я пришёл к тебе с приветом…;0;1;ru.wikisource.org/wiki/%D0%AF_%D0%BF%D1%80%D0%B8%D1%88%D1%91%D0%BB_%D0%BA_%D1%82%D0%B5%D0%B1%D0%B5_%D1%81_%D0%BF%D1%80%D0%B8%D0%B2%D0%B5%D1%82%D0%BE%D0%BC_(%D0%A4%D0%B5%D1%82)
100;А.;А.;Фет;Какая ночь! Как воздух чист…;0;1;ru.wikisource.org/wiki/%D0%9A%D0%B0%D0%BA%D0%B0%D1%8F_%D0%BD%D0%BE%D1%87%D1%8C!_%D0%9A%D0%B0%D0%BA_%D0%B2%D0%BE%D0%B7%D0%B4%D1%83%D1%85_%D1%87%D0%B8%D1%81%D1%82_(%D0%A4%D0%B5%D1%82)
101;А.;А.;Фет;Ещё весны душистой нега…;0;1;ru.wikisource.org/wiki/%D0%95%D1%89%D1%91_%D0%B2%D0%B5%D1%81%D0%BD%D1%8B_%D0%B4%D1%83%D1%88%D0%B8%D1%81%D1%82%D0%BE%D0%B9_%D0%BD%D0%B5%D0%B3%D0%B0_(%D0%A4%D0%B5%D1%82)
102;А.;А.;Фет;Бабочка;0;1;ru.wikisource.org/wiki/%D0%91%D0%B0%D0%B1%D0%BE%D1%87%D0%BA%D0%B0_(%D0%A4%D0%B5%D1%82)
103;А.;А.;Фет;Ель рукавом мне тропинку завесила…;0;1;ru.wikisource.org/wiki/%D0%95%D0%BB%D1%8C_%D1%80%D1%83%D0%BA%D0%B0%D0%B2%D0%BE%D0%BC_%D0%BC%D0%BD%D0%B5_%D1%82%D1%80%D0%BE%D0%BF%D0%B8%D0%BD%D0%BA%D1%83_%D0%B7%D0%B0%D0%B2%D0%B5%D1%81%D0%B8%D0%BB%D0%B0_(%D0%A4%D0%B5%D1%82)
104;А.;А.;Фет;Какая грусть! Конец аллеи…;0;1;ru.wikisource.org/wiki/%D0%9A%D0%B0%D0%BA%D0%B0%D1%8F_%D0%B3%D1%80%D1%83%D1%81%D1%82%D1%8C!_%D0%9A%D0%BE%D0%BD%D0%B5%D1%86_%D0%B0%D0%BB%D0%BB%D0%B5%D0%B8_(%D0%A4%D0%B5%D1%82)
105;А.;А.;Фет;Жизнь пронеслась без явного следа…;0;1;ru.wikisource.org/wiki/%D0%96%D0%B8%D0%B7%D0%BD%D1%8C_%D0%BF%D1%80%D0%BE%D0%BD%D0%B5%D1%81%D0%BB%D0%B0%D1%81%D1%8C_%D0%B1%D0%B5%D0%B7_%D1%8F%D0%B2%D0%BD%D0%BE%D0%B3%D0%BE_%D1%81%D0%BB%D0%B5%D0%B4%D0%B0_(%D0%A4%D0%B5%D1%82)
106;А.;А.;Фет;Цветы;0;1;ru.wikisource.org/wiki/%D0%A6%D0%B2%D0%B5%D1%82%D1%8B_(%D0%A4%D0%B5%D1%82)
107;А.;А.;Фет;Ярким солнцем в лесу пламенеет…;0;1;ru.wikisource.org/wiki/%D0%AF%D1%80%D0%BA%D0%B8%D0%BC_%D1%81%D0%BE%D0%BB%D0%BD%D1%86%D0%B5%D0%BC_%D0%B2_%D0%BB%D0%B5%D1%81%D1%83_%D0%BF%D0%BB%D0%B0%D0%BC%D0%B5%D0%BD%D0%B5%D0%B5%D1%82_(%D0%A4%D0%B5%D1%82)
108;А.;А.;Фет;Зреет рожь;0;1;ru.wikisource.org/wiki/%D0%97%D1%80%D0%B5%D0%B5%D1%82_%D1%80%D0%BE%D0%B6%D1%8C_(%D0%A4%D0%B5%D1%82)
109;А.;А.;Фет;Я тебе ничего не скажу…;0;1;ru.wikisource.org/wiki/%D0%AF_%D1%82%D0%B5%D0%B1%D0%B5_%D0%BD%D0%B8%D1%87%D0%B5%D0%B3%D0%BE_%D0%BD%D0%B5_%D1%81%D0%BA%D0%B0%D0%B6%D1%83_(%D0%A4%D0%B5%D1%82)
110;А.;А.;Фет;Добро и зло;0;1;ru.wikisource.org/wiki/%D0%94%D0%BE%D0%B1%D1%80%D0%BE_%D0%B8_%D0%B7%D0%BB%D0%BE_(%D0%A4%D0%B5%D1%82)
111;А.;А.;Фет;Заря прощается с землёю…;0;1;ru.wikisource.org/wiki/%D0%97%D0%B0%D1%80%D1%8F_%D0%BF%D1%80%D0%BE%D1%89%D0%B0%D0%B5%D1%82%D1%81%D1%8F_%D1%81_%D0%B7%D0%B5%D0%BC%D0%BB%D1%91%D1%8E_(%D0%A4%D0%B5%D1%82)
112;А.;А.;Фет;Это утро, радость эта…;0;1;ru.wikisource.org/wiki/%D0%AD%D1%82%D0%BE_%D1%83%D1%82%D1%80%D0%BE,_%D1%80%D0%B0%D0%B4%D0%BE%D1%81%D1%82%D1%8C_%D1%8D%D1%82%D0%B0_(%D0%A4%D0%B5%D1%82)
113;А.;А.;Фет;Ласточки пропали;0;1;ru.wikisource.org/wiki/%D0%9B%D0%B0%D1%81%D1%82%D0%BE%D1%87%D0%BA%D0%B8_%D0%BF%D1%80%D0%BE%D0%BF%D0%B0%D0%BB%D0%B8_(%D0%A4%D0%B5%D1%82)
114;А.;А.;Фет;;1;0;
115;А.;А.;Фет; ;1;0;
116;А.;А.;Фет; Лирика;1;0;
117;А.;А.;Фет; Стихотворения;1;0;
118;М.;Е.;Салтыков-Щедрин;Медведь на воеводстве;1;1;ru.wikisource.org/wiki/%D0%9C%D0%B5%D0%B4%D0%B2%D0%B5%D0%B4%D1%8C_%D0%BD%D0%B0_%D0%B2%D0%BE%D0%B5%D0%B2%D0%BE%D0%B4%D1%81%D1%82%D0%B2%D0%B5
119;М.;Е.;Салтыков-Щедрин;История одного города;1;1;ru.wikisource.org/wiki/%D0%98%D1%81%D1%82%D0%BE%D1%80%D0%B8%D1%8F_%D0%BE%D0%B4%D0%BD%D0%BE%D0%B3%D0%BE_%D0%B3%D0%BE%D1%80%D0%BE%D0%B4%D0%B0
120;М.;Е.;Салтыков-Щедрин;Вяленая вобла;1;1;ru.wikisource.org/wiki/%D0%92%D1%8F%D0%BB%D0%B5%D0%BD%D0%B0%D1%8F_%D0%B2%D0%BE%D0%B1%D0%BB%D0%B0
121;М.;Е.;Салтыков-Щедрин;Дикий помещик;0;1;ru.wikisource.org/wiki/%D0%94%D0%B8%D0%BA%D0%B8%D0%B9_%D0%BF%D0%BE%D0%BC%D0%B5%D1%89%D0%B8%D0%BA
122;М.;Е.;Салтыков-Щедрин;Повесть о том, как один мужик двух генералов прокормил;0;1;ru.wikisource.org/wiki/%D0%9F%D0%BE%D0%B2%D0%B5%D1%81%D1%82%D1%8C_%D0%BE_%D1%82%D0%BE%D0%BC,_%D0%BA%D0%B0%D0%BA_%D0%BE%D0%B4%D0%B8%D0%BD_%D0%BC%D1%83%D0%B6%D0%B8%D0%BA_%D0%B4%D0%B2%D1%83%D1%85_%D0%B3%D0%B5%D0%BD%D0%B5%D1%80%D0%B0%D0%BB%D0%BE%D0%B2_%D0%BF%D1%80%D0%BE%D0%BA%D0%BE%D1%80%D0%BC%D0%B8%D0%BB
123;М.;Е.;Салтыков-Щедрин;;1;0;
124;М.;Е.;Салтыков-Щедрин; Сказки;1;0;
125;М.;Е.;Салтыков-Щедрин;Коняга;1;0;
126;М.;Е.;Салтыков-Щедрин;Господа Головлевы;1;0;
127;М.;Е.;Салтыков-Щедрин;Верный Трезор;1;0;
128;М.;Е.;Салтыков-Щедрин;Орелмеценат;1;0;
129;М.;Е.;Салтыков-Щедрин;Пошехонская старина;1;0;
130;М.;Е.;Салтыков-Щедрин;Премудрый пескарь;1;0;
131;Д.;И.;Фонвизин;Недоросль;1;0;
132;Д.;И.;Фонвизин;Придворная грамматика;1;0;
133;М.;А.;Шолохов;Судьба человека;1;1;
134;М.;А.;Шолохов;Тихий Дон;0;1;
135;М.;А.;Шолохов;Нахалёнок;0;1;
136;М.;А.;Шолохов;Поднятая целина;0;1;
137;У.;;Шекспир;Гамлет — Перевод Б.Пастернака — Перевод А.Кронеберга — Перевод А.Радлова — Перевод М.Лозинского;0;1;ru.wikisource.org/wiki/%D0%93%D0%B0%D0%BC%D0%BB%D0%B5%D1%82
138;У.;;Шекспир;Ромео и Джульетта — Перевод Е.Савич — Перевод Щепкиной-Куперник — Перевод Б.Пастернака;0;1;ru.wikisource.org/wiki/%D0%A0%D0%BE%D0%BC%D0%B5%D0%BE_%D0%B8_%D0%94%D0%B6%D1%83%D0%BB%D1%8C%D0%B5%D1%82%D1%82%D0%B0
139;У.;;Шекспир;Ромео и Джульетта;1;0;
140;У.;;Шекспир;Гамлет;1;0;
141;С.;А.;Есенин;Пороша;0;1;ru.wikisource.org/wiki/%D0%9F%D0%BE%D1%80%D0%BE%D1%88%D0%B0
142;С.;А.;Есенин;До свиданья, друг мой, до свиданья;0;1;ru.wikisource.org/wiki/%D0%94%D0%BE_%D1%81%D0%B2%D0%B8%D0%B4%D0%B0%D0%BD%D1%8C%D1%8F,_%D0%B4%D1%80%D1%83%D0%B3_%D0%BC%D0%BE%D0%B9,_%D0%B4%D0%BE_%D1%81%D0%B2%D0%B8%D0%B4%D0%B0%D0%BD%D1%8C%D1%8F
143;С.;А.;Есенин;Отговорила роща золотая;0;1;ru.wikisource.org/wiki/%D0%9E%D1%82%D0%B3%D0%BE%D0%B2%D0%BE%D1%80%D0%B8%D0%BB%D0%B0_%D1%80%D0%BE%D1%89%D0%B0_%D0%B7%D0%BE%D0%BB%D0%BE%D1%82%D0%B0%D1%8F
144;С.;А.;Есенин;Собаке Качалова;0;1;ru.wikisource.org/wiki/%D0%A1%D0%BE%D0%B1%D0%B0%D0%BA%D0%B5_%D0%9A%D0%B0%D1%87%D0%B0%D0%BB%D0%BE%D0%B2%D0%B0
145;С.;А.;Есенин;Край ты мой заброшенный;0;1;ru.wikisource.org/wiki/%D0%9A%D1%80%D0%B0%D0%B9_%D1%82%D1%8B_%D0%BC%D0%BE%D0%B9_%D0%B7%D0%B0%D0%B1%D1%80%D0%BE%D1%88%D0%B5%D0%BD%D0%BD%D1%8B%D0%B9
146;С.;А.;Есенин;Анна Снегина;0;1;ru.wikisource.org/wiki/%D0%90%D0%BD%D0%BD%D0%B0_%D0%A1%D0%BD%D0%B5%D0%B3%D0%B8%D0%BD%D0%B0
147;С.;А.;Есенин;Вот уж вечер;0;1;ru.wikisource.org/wiki/%D0%92%D0%BE%D1%82_%D1%83%D0%B6_%D0%B2%D0%B5%D1%87%D0%B5%D1%80
148;С.;А.;Есенин;Несказанное, синее, нежное;0;1;ru.wikisource.org/wiki/%D0%9D%D0%B5%D1%81%D0%BA%D0%B0%D0%B7%D0%B0%D0%BD%D0%BD%D0%BE%D0%B5,_%D1%81%D0%B8%D0%BD%D0%B5%D0%B5,_%D0%BD%D0%B5%D0%B6%D0%BD%D0%BE%D0%B5
149;С.;А.;Есенин;Разбуди меня завтра рано;0;1;ru.wikisource.org/wiki/%D0%A0%D0%B0%D0%B7%D0%B1%D1%83%D0%B4%D0%B8_%D0%BC%D0%B5%D0%BD%D1%8F_%D0%B7%D0%B0%D0%B2%D1%82%D1%80%D0%B0_%D1%80%D0%B0%D0%BD%D0%BE
150;С.;А.;Есенин;Топи да болота;0;1;ru.wikisource.org/wiki/%D0%A2%D0%BE%D0%BF%D0%B8_%D0%B4%D0%B0_%D0%B1%D0%BE%D0%BB%D0%BE%D1%82%D0%B0
151;С.;А.;Есенин;Я покинул родимый дом;0;1;ru.wikisource.org/wiki/%D0%AF_%D0%BF%D0%BE%D0%BA%D0%B8%D0%BD%D1%83%D0%BB_%D1%80%D0%BE%D0%B4%D0%B8%D0%BC%D1%8B%D0%B9_%D0%B4%D0%BE%D0%BC
152;С.;А.;Есенин;Низкий дом с голубыми ставнями;0;1;ru.wikisource.org/wiki/%D0%9D%D0%B8%D0%B7%D0%BA%D0%B8%D0%B9_%D0%B4%D0%BE%D0%BC_%D1%81_%D0%B3%D0%BE%D0%BB%D1%83%D0%B1%D1%8B%D0%BC%D0%B8_%D1%81%D1%82%D0%B0%D0%B2%D0%BD%D1%8F%D0%BC%D0%B8
153;С.;А.;Есенин;Я иду долиной. На затылке кепи;0;1;ru.wikisource.org/wiki/%D0%AF_%D0%B8%D0%B4%D1%83_%D0%B4%D0%BE%D0%BB%D0%B8%D0%BD%D0%BE%D0%B9._%D0%9D%D0%B0_%D0%B7%D0%B0%D1%82%D1%8B%D0%BB%D0%BA%D0%B5_%D0%BA%D0%B5%D0%BF%D0%B8
154;С.;А.;Есенин;Мелколесье. Степь и дали;0;1;ru.wikisource.org/wiki/%D0%9C%D0%B5%D0%BB%D0%BA%D0%BE%D0%BB%D0%B5%D1%81%D1%8C%D0%B5._%D0%A1%D1%82%D0%B5%D0%BF%D1%8C_%D0%B8_%D0%B4%D0%B0%D0%BB%D0%B8
155;С.;А.;Есенин;Гой ты, Русь, моя родная;0;1;ru.wikisource.org/wiki/%D0%93%D0%BE%D0%B9_%D1%82%D1%8B,_%D0%A0%D1%83%D1%81%D1%8C,_%D0%BC%D0%BE%D1%8F_%D1%80%D0%BE%D0%B4%D0%BD%D0%B0%D1%8F
156;С.;А.;Есенин;Шаганэ ты моя, Шаганэ!;0;1;ru.wikisource.org/wiki/%D0%A8%D0%B0%D0%B3%D0%B0%D0%BD%D1%8D_%D1%82%D1%8B_%D0%BC%D0%BE%D1%8F,_%D0%A8%D0%B0%D0%B3%D0%B0%D0%BD%D1%8D!
157;С.;А.;Есенин;Не жалею, не зову, не плачу;0;1;ru.wikisource.org/wiki/%D0%9D%D0%B5_%D0%B6%D0%B0%D0%BB%D0%B5%D1%8E,_%D0%BD%D0%B5_%D0%B7%D0%BE%D0%B2%D1%83,_%D0%BD%D0%B5_%D0%BF%D0%BB%D0%B0%D1%87%D1%83
158;С.;А.;Есенин;Письмо к женщине;0;1;ru.wikisource.org/wiki/%D0%9F%D0%B8%D1%81%D1%8C%D0%BC%D0%BE_%D0%BA_%D0%B6%D0%B5%D0%BD%D1%89%D0%B8%D0%BD%D0%B5
159;С.;А.;Есенин;С добрым утром;0;1;ru.wikisource.org/wiki/%D0%A1_%D0%B4%D0%BE%D0%B1%D1%80%D1%8B%D0%BC_%D1%83%D1%82%D1%80%D0%BE%D0%BC
160;С.;А.;Есенин;;1;0;
161;С.;А.;Есенин; ;1;0;
162;С.;А.;Есенин; Стихотворения;1;0;
163;А.;П.;Платонов;Корова;1;1;
164;А.;П.;Платонов;Волшебное кольцо;0;1;
165;А.;П.;Платонов;Котлован;0;1;
166;А.;П.;Платонов;Шарманка;0;1;
167;А.;П.;Платонов;Сокровенный человек;0;1;
168;А.;П.;Платонов;Чевенгур;0;1;
169;А.;П.;Платонов;Юшка;0;1;
170;А.;П.;Платонов;На заре туманной юности;0;1;
171;А.;П.;Платонов;Впрок;0;1;
172;А.;П.;Платонов;Неизвестный цветок;0;1;
173;А.;П.;Платонов;В прекрасном и яростном мире;1;0;
174;А.;К.;Толстой;Средь шумного бала…;0;1;ru.wikisource.org/wiki/%D0%A1%D1%80%D0%B5%D0%B4%D1%8C_%D1%88%D1%83%D0%BC%D0%BD%D0%BE%D0%B3%D0%BE_%D0%B1%D0%B0%D0%BB%D0%B0,_%D1%81%D0%BB%D1%83%D1%87%D0%B0%D0%B9%D0%BD%D0%BE_(%D0%90._%D0%9A._%D0%A2%D0%BE%D0%BB%D1%81%D1%82%D0%BE%D0%B9)
175;А.;К.;Толстой;Край ты мой, родимый край…;0;1;ru.wikisource.org/wiki/%D0%9A%D1%80%D0%B0%D0%B9_%D1%82%D1%8B_%D0%BC%D0%BE%D0%B9,_%D1%80%D0%BE%D0%B4%D0%B8%D0%BC%D1%8B%D0%B9_%D0%BA%D1%80%D0%B0%D0%B9_(%D0%90._%D0%9A._%D0%A2%D0%BE%D0%BB%D1%81%D1%82%D0%BE%D0%B9)
176;А.;К.;Толстой;Где гнутся над омутом лозы…;0;1;ru.wikisource.org/wiki/%D0%93%D0%B4%D0%B5_%D0%B3%D0%BD%D1%83%D1%82%D1%81%D1%8F_%D0%BD%D0%B0%D0%B4_%D0%BE%D0%BC%D1%83%D1%82%D0%BE%D0%BC_%D0%BB%D0%BE%D0%B7%D1%8B_(%D0%90._%D0%9A._%D0%A2%D0%BE%D0%BB%D1%81%D1%82%D0%BE%D0%B9)
177;А.;К.;Толстой;Благовест;0;1;ru.wikisource.org/wiki/%D0%91%D0%BB%D0%B0%D0%B3%D0%BE%D0%B2%D0%B5%D1%81%D1%82_(%D0%90._%D0%9A._%D0%A2%D0%BE%D0%BB%D1%81%D1%82%D0%BE%D0%B9)
178;А.;К.;Толстой;Коль любить, так без рассудку…;0;1;ru.wikisource.org/wiki/%D0%9A%D0%BE%D0%BB%D1%8C_%D0%BB%D1%8E%D0%B1%D0%B8%D1%82%D1%8C,_%D1%82%D0%B0%D0%BA_%D0%B1%D0%B5%D0%B7_%D1%80%D0%B0%D1%81%D1%81%D1%83%D0%B4%D0%BA%D1%83_(%D0%90._%D0%9A._%D0%A2%D0%BE%D0%BB%D1%81%D1%82%D0%BE%D0%B9)
179;А.;К.;Толстой;Князь Серебряный;1;0;
180;В.;М.;Шукшин;Дядя Ермолай;1;0;
181;Н.;С.;Лесков;Очарованный странник;1;1;ru.wikisource.org/wiki/%D0%9E%D1%87%D0%B0%D1%80%D0%BE%D0%B2%D0%B0%D0%BD%D0%BD%D1%8B%D0%B9_%D1%81%D1%82%D1%80%D0%B0%D0%BD%D0%BD%D0%B8%D0%BA
182;Н.;С.;Лесков;Левша;1;1;ru.wikisource.org/wiki/%D0%9B%D0%B5%D0%B2%D1%88%D0%B0
183;Н.;С.;Лесков;Тупейный художник;1;0;
184;Н.;С.;Лесков;Леди Макбет Мценского уезда;1;0;
185;А.;А.;Блок;Родина;0;1;ru.wikisource.org/wiki/%D0%A0%D0%BE%D0%B4%D0%B8%D0%BD%D0%B0_(%D0%91%D0%BB%D0%BE%D0%BA)
186;А.;А.;Блок;Сольвейг;0;1;ru.wikisource.org/wiki/%D0%A1%D0%BE%D0%BB%D1%8C%D0%B2%D0%B5%D0%B9%D0%B3_(%D0%91%D0%BB%D0%BE%D0%BA)
187;А.;А.;Блок;Возмездие;0;1;ru.wikisource.org/wiki/%D0%92%D0%BE%D0%B7%D0%BC%D0%B5%D0%B7%D0%B4%D0%B8%D0%B5_(%D0%91%D0%BB%D0%BE%D0%BA)
188;А.;А.;Блок;О как безумно за окном...;0;1;ru.wikisource.org/wiki/%D0%9E,_%D0%BA%D0%B0%D0%BA_%D0%B1%D0%B5%D0%B7%D1%83%D0%BC%D0%BD%D0%BE_%D0%B7%D0%B0_%D0%BE%D0%BA%D0%BD%D0%BE%D0%BC_(%D0%91%D0%BB%D0%BE%D0%BA)
189;А.;А.;Блок;В ресторане;0;1;ru.wikisource.org/wiki/%D0%92_%D1%80%D0%B5%D1%81%D1%82%D0%BE%D1%80%D0%B0%D0%BD%D0%B5_(%D0%91%D0%BB%D0%BE%D0%BA)
190;А.;А.;Блок;Ты — как отзвук забытого гимна;0;1;ru.wikisource.org/wiki/%D0%A2%D1%8B_%E2%80%94_%D0%BA%D0%B0%D0%BA_%D0%BE%D1%82%D0%B7%D0%B2%D1%83%D0%BA_%D0%B7%D0%B0%D0%B1%D1%8B%D1%82%D0%BE%D0%B3%D0%BE_%D0%B3%D0%B8%D0%BC%D0%BD%D0%B0_(%D0%91%D0%BB%D0%BE%D0%BA)
191;А.;А.;Блок;Как тяжело ходить среди людей…;0;1;ru.wikisource.org/wiki/%D0%9A%D0%B0%D0%BA_%D1%82%D1%8F%D0%B6%D0%B5%D0%BB%D0%BE_%D1%85%D0%BE%D0%B4%D0%B8%D1%82%D1%8C_%D1%81%D1%80%D0%B5%D0%B4%D0%B8_%D0%BB%D1%8E%D0%B4%D0%B5%D0%B9_(%D0%91%D0%BB%D0%BE%D0%BA)
192;А.;А.;Блок;Да, так диктует вдохновенье…;0;1;ru.wikisource.org/wiki/%D0%94%D0%B0._%D0%A2%D0%B0%D0%BA_%D0%B4%D0%B8%D0%BA%D1%82%D1%83%D0%B5%D1%82_%D0%B2%D0%B4%D0%BE%D1%85%D0%BD%D0%BE%D0%B2%D0%B5%D0%BD%D1%8C%D0%B5_(%D0%91%D0%BB%D0%BE%D0%BA)
193;А.;А.;Блок;На железной дороге;0;1;ru.wikisource.org/wiki/%D0%9D%D0%B0_%D0%B6%D0%B5%D0%BB%D0%B5%D0%B7%D0%BD%D0%BE%D0%B9_%D0%B4%D0%BE%D1%80%D0%BE%D0%B3%D0%B5_(%D0%91%D0%BB%D0%BE%D0%BA)
194;А.;А.;Блок;Ямбы;0;1;ru.wikisource.org/wiki/%D0%AF%D0%BC%D0%B1%D1%8B_(%D0%91%D0%BB%D0%BE%D0%BA)
195;А.;А.;Блок;Заклятие огнём и мраком;0;1;ru.wikisource.org/wiki/%D0%92%D0%B5%D1%82%D0%B5%D1%80_%D0%BF%D1%80%D0%B8%D0%BD%D0%B5%D1%81_%D0%B8%D0%B7%D0%B4%D0%B0%D0%BB%D1%91%D0%BA%D0%B0_(%D0%91%D0%BB%D0%BE%D0%BA)
196;А.;А.;Блок;О, я хочу безумно жить...;0;1;ru.wikisource.org/wiki/%D0%9E,_%D1%8F_%D1%85%D0%BE%D1%87%D1%83_%D0%B1%D0%B5%D0%B7%D1%83%D0%BC%D0%BD%D0%BE_%D0%B6%D0%B8%D1%82%D1%8C_(%D0%91%D0%BB%D0%BE%D0%BA)
197;А.;А.;Блок;Летний вечер;0;1;ru.wikisource.org/wiki/%D0%9B%D0%B5%D1%82%D0%BD%D0%B8%D0%B9_%D0%B2%D0%B5%D1%87%D0%B5%D1%80_(%D0%91%D0%BB%D0%BE%D0%BA)
198;А.;А.;Блок;О весна без конца и без краю…;0;1;ru.wikisource.org/wiki/%D0%9E,_%D0%B2%D0%B5%D1%81%D0%BD%D0%B0_%D0%B1%D0%B5%D0%B7_%D0%BA%D0%BE%D0%BD%D1%86%D0%B0_%D0%B8_%D0%B1%D0%B5%D0%B7_%D0%BA%D1%80%D0%B0%D1%8E_(%D0%91%D0%BB%D0%BE%D0%BA)
199;А.;А.;Блок;Двенадцать;0;1;ru.wikisource.org/wiki/%D0%94%D0%B2%D0%B5%D0%BD%D0%B0%D0%B4%D1%86%D0%B0%D1%82%D1%8C_(%D0%91%D0%BB%D0%BE%D0%BA)
200;А.;А.;Блок;Ушла. Но гиацинты ждали…;0;1;ru.wikisource.org/wiki/%D0%AF%D0%BC%D0%B1%D1%8B_(%D0%91%D0%BB%D0%BE%D0%BA)
201;А.;А.;Блок;Ветер принёс издалека…;0;1;ru.wikisource.org/wiki/%D0%92%D0%B5%D1%82%D0%B5%D1%80_%D0%BF%D1%80%D0%B8%D0%BD%D0%B5%D1%81_%D0%B8%D0%B7%D0%B4%D0%B0%D0%BB%D1%91%D0%BA%D0%B0_(%D0%91%D0%BB%D0%BE%D0%BA)
202;А.;А.;Блок;О доблестях, о подвигах, о славе…;0;1;ru.wikisource.org/wiki/%D0%9E_%D0%B4%D0%BE%D0%B1%D0%BB%D0%B5%D1%81%D1%82%D1%8F%D1%85,_%D0%BE_%D0%BF%D0%BE%D0%B4%D0%B2%D0%B8%D0%B3%D0%B0%D1%85,_%D0%BE_%D1%81%D0%BB%D0%B0%D0%B2%D0%B5_(%D0%91%D0%BB%D0%BE%D0%BA)
203;А.;А.;Блок;;1;0;
204;А.;А.;Блок; ;1;0;
205;А.;А.;Блок; Стихотворения;1;0;
206;М.;Ю.;Лермонтов;Песня про купца Калашникова;1;1;ru.wikisource.org/wiki/%D0%9F%D0%B5%D1%81%D0%BD%D1%8F_%D0%BF%D1%80%D0%BE_%D1%86%D0%B0%D1%80%D1%8F_%D0%98%D0%B2%D0%B0%D0%BD%D0%B0_%D0%92%D0%B0%D1%81%D0%B8%D0%BB%D1%8C%D0%B5%D0%B2%D0%B8%D1%87%D0%B0,_%D0%BC%D0%BE%D0%BB%D0%BE%D0%B4%D0%BE%D0%B3%D0%BE_%D0%BE%D0%BF%D1%80%D0%B8%D1%87%D0%BD%D0%B8%D0%BA%D0%B0_%D0%B8_%D1%83%D0%B4%D0%B0%D0%BB%D0%BE%D0%B3%D0%BE_%D0%BA%D1%83%D0%BF%D1%86%D0%B0_%D0%9A%D0%B0%D0%BB%D0%B0%D1%88%D0%BD%D0%B8%D0%BA%D0%BE%D0%B2%D0%B0_(%D0%9B%D0%B5%D1%80%D0%BC%D0%BE%D0%BD%D1%82%D0%BE%D0%B2)
207;М.;Ю.;Лермонтов;Герой нашего времени;1;1;ru.wikisource.org/wiki/%D0%93%D0%B5%D1%80%D0%BE%D0%B9_%D0%BD%D0%B0%D1%88%D0%B5%D0%B3%D0%BE_%D0%B2%D1%80%D0%B5%D0%BC%D0%B5%D0%BD%D0%B8_(%D0%9B%D0%B5%D1%80%D0%BC%D0%BE%D0%BD%D1%82%D0%BE%D0%B2)
208;М.;Ю.;Лермонтов;Три пальмы;1;1;ru.wikisource.org/wiki/%D0%A2%D1%80%D0%B8_%D0%BF%D0%B0%D0%BB%D1%8C%D0%BC%D1%8B_(%D0%9B%D0%B5%D1%80%D0%BC%D0%BE%D0%BD%D1%82%D0%BE%D0%B2)
209;М.;Ю.;Лермонтов;Парус;1;1;ru.wikisource.org/wiki/%D0%9F%D0%B0%D1%80%D1%83%D1%81_(%D0%9B%D0%B5%D1%80%D0%BC%D0%BE%D0%BD%D1%82%D0%BE%D0%B2)
210;М.;Ю.;Лермонтов;Тучи;1;1;ru.wikisource.org/wiki/%D0%A2%D1%83%D1%87%D0%B8_(%D0%9B%D0%B5%D1%80%D0%BC%D0%BE%D0%BD%D1%82%D0%BE%D0%B2)
211;М.;Ю.;Лермонтов;Листок;1;1;ru.wikisource.org/wiki/%D0%9B%D0%B8%D1%81%D1%82%D0%BE%D0%BA_(%D0%9B%D0%B5%D1%80%D0%BC%D0%BE%D0%BD%D1%82%D0%BE%D0%B2)
212;М.;Ю.;Лермонтов;Бородино;1;1;ru.wikisource.org/wiki/%D0%91%D0%BE%D1%80%D0%BE%D0%B4%D0%B8%D0%BD%D0%BE_(%D0%9B%D0%B5%D1%80%D0%BC%D0%BE%D0%BD%D1%82%D0%BE%D0%B2)
213;М.;Ю.;Лермонтов;Родина;0;1;ru.wikisource.org/wiki/%D0%A0%D0%BE%D0%B4%D0%B8%D0%BD%D0%B0_(%D0%9B%D0%B5%D1%80%D0%BC%D0%BE%D0%BD%D1%82%D0%BE%D0%B2)
214;М.;Ю.;Лермонтов;Беглец;0;1;ru.wikisource.org/wiki/%D0%91%D0%B5%D0%B3%D0%BB%D0%B5%D1%86_(%D0%9B%D0%B5%D1%80%D0%BC%D0%BE%D0%BD%D1%82%D0%BE%D0%B2)
215;М.;Ю.;Лермонтов;Предсказание;0;1;ru.wikisource.org/wiki/%D0%9F%D1%80%D0%B5%D0%B4%D1%81%D0%BA%D0%B0%D0%B7%D0%B0%D0%BD%D0%B8%D0%B5_(%D0%9B%D0%B5%D1%80%D0%BC%D0%BE%D0%BD%D1%82%D0%BE%D0%B2)
216;М.;Ю.;Лермонтов;Когда волнуется желтеющая нива…;0;1;ru.wikisource.org/wiki/%D0%9A%D0%BE%D0%B3%D0%B4%D0%B0_%D0%B2%D0%BE%D0%BB%D0%BD%D1%83%D0%B5%D1%82%D1%81%D1%8F_%D0%B6%D0%B5%D0%BB%D1%82%D0%B5%D1%8E%D1%89%D0%B0%D1%8F_%D0%BD%D0%B8%D0%B2%D0%B0_(%D0%9B%D0%B5%D1%80%D0%BC%D0%BE%D0%BD%D1%82%D0%BE%D0%B2)
217;М.;Ю.;Лермонтов;Нищий;0;1;ru.wikisource.org/wiki/%D0%9D%D0%B8%D1%89%D0%B8%D0%B9_(%D0%9B%D0%B5%D1%80%D0%BC%D0%BE%D0%BD%D1%82%D0%BE%D0%B2)
218;М.;Ю.;Лермонтов;Нет, не тебя так пылко я люблю…;0;1;ru.wikisource.org/wiki/%D0%9D%D0%B5%D1%82,_%D0%BD%D0%B5_%D1%82%D0%B5%D0%B1%D1%8F_%D1%82%D0%B0%D0%BA_%D0%BF%D1%8B%D0%BB%D0%BA%D0%BE_%D1%8F_%D0%BB%D1%8E%D0%B1%D0%BB%D1%8E_(%D0%9B%D0%B5%D1%80%D0%BC%D0%BE%D0%BD%D1%82%D0%BE%D0%B2)
219;М.;Ю.;Лермонтов;Дума;0;1;ru.wikisource.org/wiki/%D0%94%D1%83%D0%BC%D0%B0_(%D0%9B%D0%B5%D1%80%D0%BC%D0%BE%D0%BD%D1%82%D0%BE%D0%B2)
220;М.;Ю.;Лермонтов;Завещание;0;1;ru.wikisource.org/wiki/%D0%97%D0%B0%D0%B2%D0%B5%D1%89%D0%B0%D0%BD%D0%B8%D0%B5_(%D0%9B%D0%B5%D1%80%D0%BC%D0%BE%D0%BD%D1%82%D0%BE%D0%B2)
221;М.;Ю.;Лермонтов;Мцыри;0;1;ru.wikisource.org/wiki/%D0%9C%D1%86%D1%8B%D1%80%D0%B8_(%D0%9B%D0%B5%D1%80%D0%BC%D0%BE%D0%BD%D1%82%D0%BE%D0%B2)
222;М.;Ю.;Лермонтов;И скучно и грустно;0;1;ru.wikisource.org/wiki/%D0%98_%D1%81%D0%BA%D1%83%D1%87%D0%BD%D0%BE_%D0%B8_%D0%B3%D1%80%D1%83%D1%81%D1%82%D0%BD%D0%BE_(%D0%9B%D0%B5%D1%80%D0%BC%D0%BE%D0%BD%D1%82%D0%BE%D0%B2)
223;М.;Ю.;Лермонтов;Выхожу один я на дорогу…;0;1;ru.wikisource.org/wiki/%D0%92%D1%8B%D1%85%D0%BE%D0%B6%D1%83_%D0%BE%D0%B4%D0%B8%D0%BD_%D1%8F_%D0%BD%D0%B0_%D0%B4%D0%BE%D1%80%D0%BE%D0%B3%D1%83_(%D0%9B%D0%B5%D1%80%D0%BC%D0%BE%D0%BD%D1%82%D0%BE%D0%B2)
224;М.;Ю.;Лермонтов;Как часто, пёстрою толпою окружён…;0;1;ru.wikisource.org/wiki/%D0%9A%D0%B0%D0%BA_%D1%87%D0%B0%D1%81%D1%82%D0%BE,_%D0%BF%D1%91%D1%81%D1%82%D1%80%D0%BE%D1%8E_%D1%82%D0%BE%D0%BB%D0%BF%D0%BE%D1%8E_%D0%BE%D0%BA%D1%80%D1%83%D0%B6%D1%91%D0%BD_(%D0%9B%D0%B5%D1%80%D0%BC%D0%BE%D0%BD%D1%82%D0%BE%D0%B2)
225;М.;Ю.;Лермонтов;Первое января;0;1;ru.wikisource.org/wiki/%D0%9F%D0%B5%D1%80%D0%B2%D0%BE%D0%B5_%D1%8F%D0%BD%D0%B2%D0%B0%D1%80%D1%8F_(%D0%9B%D0%B5%D1%80%D0%BC%D0%BE%D0%BD%D1%82%D0%BE%D0%B2)
226;М.;Ю.;Лермонтов;Утёс;0;1;ru.wikisource.org/wiki/%D0%A3%D1%82%D1%91%D1%81_(%D0%9B%D0%B5%D1%80%D0%BC%D0%BE%D0%BD%D1%82%D0%BE%D0%B2)
227;М.;Ю.;Лермонтов;Ангел;0;1;ru.wikisource.org/wiki/%D0%90%D0%BD%D0%B3%D0%B5%D0%BB_(%D0%9B%D0%B5%D1%80%D0%BC%D0%BE%D0%BD%D1%82%D0%BE%D0%B2)
228;М.;Ю.;Лермонтов;На севере диком стоит одиноко…;0;1;ru.wikisource.org/wiki/%D0%9D%D0%B0_%D1%81%D0%B5%D0%B2%D0%B5%D1%80%D0%B5_%D0%B4%D0%B8%D0%BA%D0%BE%D0%BC_%D1%81%D1%82%D0%BE%D0%B8%D1%82_%D0%BE%D0%B4%D0%B8%D0%BD%D0%BE%D0%BA%D0%BE_(%D0%9B%D0%B5%D1%80%D0%BC%D0%BE%D0%BD%D1%82%D0%BE%D0%B2)
229;М.;Ю.;Лермонтов;Узник;0;1;ru.wikisource.org/wiki/%D0%A3%D0%B7%D0%BD%D0%B8%D0%BA_(%D0%9B%D0%B5%D1%80%D0%BC%D0%BE%D0%BD%D1%82%D0%BE%D0%B2)
230;М.;Ю.;Лермонтов;Молитва;0;1;ru.wikisource.org/wiki/%D0%9C%D0%BE%D0%BB%D0%B8%D1%82%D0%B2%D0%B0_(%D0%92_%D0%BC%D0%B8%D0%BD%D1%83%D1%82%D1%83_%D0%B6%D0%B8%D0%B7%D0%BD%D0%B8_%D1%82%D1%80%D1%83%D0%B4%D0%BD%D1%83%D1%8E_%E2%80%94_%D0%9B%D0%B5%D1%80%D0%BC%D0%BE%D0%BD%D1%82%D0%BE%D0%B2)
231;М.;Ю.;Лермонтов;Смерть поэта;0;1;ru.wikisource.org/wiki/%D0%A1%D0%BC%D0%B5%D1%80%D1%82%D1%8C_%D0%BF%D0%BE%D1%8D%D1%82%D0%B0_(%D0%9B%D0%B5%D1%80%D0%BC%D0%BE%D0%BD%D1%82%D0%BE%D0%B2)
232;М.;Ю.;Лермонтов;Казачья колыбельная песня;0;1;ru.wikisource.org/wiki/%D0%9A%D0%B0%D0%B7%D0%B0%D1%87%D1%8C%D1%8F_%D0%BA%D0%BE%D0%BB%D1%8B%D0%B1%D0%B5%D0%BB%D1%8C%D0%BD%D0%B0%D1%8F_%D0%BF%D0%B5%D1%81%D0%BD%D1%8F_(%D0%9B%D0%B5%D1%80%D0%BC%D0%BE%D0%BD%D1%82%D0%BE%D0%B2)
233;М.;Ю.;Лермонтов;Пленный рыцарь;0;1;ru.wikisource.org/wiki/%D0%9F%D0%BB%D0%B5%D0%BD%D0%BD%D1%8B%D0%B9_%D1%80%D1%8B%D1%86%D0%B0%D1%80%D1%8C_(%D0%9B%D0%B5%D1%80%D0%BC%D0%BE%D0%BD%D1%82%D0%BE%D0%B2)
234;М.;Ю.;Лермонтов;Пророк;0;1;ru.wikisource.org/wiki/%D0%9F%D1%80%D0%BE%D1%80%D0%BE%D0%BA_(%D0%9B%D0%B5%D1%80%D0%BC%D0%BE%D0%BD%D1%82%D0%BE%D0%B2)
235;М.;Ю.;Лермонтов;Утес;1;0;
236;М.;Ю.;Лермонтов;На севере диком. . . ;1;0;
237;М.;Ю.;Лермонтов;Боярин Орша;1;0;
238;М.;Ю.;Лермонтов;Ашик-Кериб;1;0;
239;Н.;Г.;Чернышевский;Что делать?;1;1;ru.wikisource.org/wiki/%D0%A7%D1%82%D0%BE_%D0%B4%D0%B5%D0%BB%D0%B0%D1%82%D1%8C%3F_(%D0%A7%D0%B5%D1%80%D0%BD%D1%8B%D1%88%D0%B5%D0%B2%D1%81%D0%BA%D0%B8%D0%B9)
240;В.;П.;Астафьев;Конь с розовой гривой;1;1;
241;В.;П.;Астафьев;Васюткино озеро;0;1;
242;В.;П.;Астафьев;Печальный детектив;0;1;
243;В.;П.;Астафьев;Вам продолжать эту жизнь (письмо, адресованное юной читательнице);0;1;
244;В.;П.;Астафьев;Царь-рыба;0;1;
245;В.;П.;Астафьев;Фотография, на которой меня нет;0;1;
246;В.;П.;Астафьев;Игры;0;1;
247;А.;П.;Чехов;Беззащитное существо;1;1;ru.wikisource.org/wiki/%D0%91%D0%B5%D0%B7%D0%B7%D0%B0%D1%89%D0%B8%D1%82%D0%BD%D0%BE%D0%B5_%D1%81%D1%83%D1%89%D0%B5%D1%81%D1%82%D0%B2%D0%BE_(%D0%A7%D0%B5%D1%85%D0%BE%D0%B2)
248;А.;П.;Чехов;Лошадиная фамилия;1;1;ru.wikisource.org/wiki/%D0%9B%D0%BE%D1%88%D0%B0%D0%B4%D0%B8%D0%BD%D0%B0%D1%8F_%D1%84%D0%B0%D0%BC%D0%B8%D0%BB%D0%B8%D1%8F_(%D0%A7%D0%B5%D1%85%D0%BE%D0%B2)
249;А.;П.;Чехов;Толстый и тонкий;1;1;ru.wikisource.org/wiki/%D0%A2%D0%BE%D0%BB%D1%81%D1%82%D1%8B%D0%B9_%D0%B8_%D1%82%D0%BE%D0%BD%D0%BA%D0%B8%D0%B9_(%D0%A7%D0%B5%D1%85%D0%BE%D0%B2)
250;А.;П.;Чехов;Дом с мезонином;0;1;ru.wikisource.org/wiki/%D0%94%D0%BE%D0%BC_%D1%81_%D0%BC%D0%B5%D0%B7%D0%BE%D0%BD%D0%B8%D0%BD%D0%BE%D0%BC_(%D0%A7%D0%B5%D1%85%D0%BE%D0%B2)
251;А.;П.;Чехов;Хамелеон;0;1;ru.wikisource.org/wiki/%D0%A5%D0%B0%D0%BC%D0%B5%D0%BB%D0%B5%D0%BE%D0%BD_(%D0%A7%D0%B5%D1%85%D0%BE%D0%B2)
252;А.;П.;Чехов;Тоска;0;1;ru.wikisource.org/wiki/%D0%A2%D0%BE%D1%81%D0%BA%D0%B0_(%D0%A7%D0%B5%D1%85%D0%BE%D0%B2)
253;А.;П.;Чехов;Размазня;0;1;ru.wikisource.org/wiki/%D0%A0%D0%B0%D0%B7%D0%BC%D0%B0%D0%B7%D0%BD%D1%8F_(%D0%A7%D0%B5%D1%85%D0%BE%D0%B2)
254;А.;П.;Чехов;Смерть чиновника;0;1;ru.wikisource.org/wiki/%D0%A1%D0%BC%D0%B5%D1%80%D1%82%D1%8C_%D1%87%D0%B8%D0%BD%D0%BE%D0%B2%D0%BD%D0%B8%D0%BA%D0%B0_(%D0%A7%D0%B5%D1%85%D0%BE%D0%B2)
255;А.;П.;Чехов;Налим;0;1;ru.wikisource.org/wiki/%D0%9D%D0%B0%D0%BB%D0%B8%D0%BC_(%D0%A7%D0%B5%D1%85%D0%BE%D0%B2)
256;А.;П.;Чехов;В аптеке;0;1;ru.wikisource.org/wiki/%D0%92_%D0%B0%D0%BF%D1%82%D0%B5%D0%BA%D0%B5_(%D0%A7%D0%B5%D1%85%D0%BE%D0%B2)
257;А.;П.;Чехов;Злоумышленник;0;1;ru.wikisource.org/wiki/%D0%97%D0%BB%D0%BE%D1%83%D0%BC%D1%8B%D1%88%D0%BB%D0%B5%D0%BD%D0%BD%D0%B8%D0%BA_(%D0%A7%D0%B5%D1%85%D0%BE%D0%B2)
258;А.;П.;Чехов;Егерь;0;1;ru.wikisource.org/wiki/%D0%95%D0%B3%D0%B5%D1%80%D1%8C_(%D0%A7%D0%B5%D1%85%D0%BE%D0%B2)
259;А.;П.;Чехов;На мельнице;0;1;ru.wikisource.org/wiki/%D0%9D%D0%B0_%D0%BC%D0%B5%D0%BB%D1%8C%D0%BD%D0%B8%D1%86%D0%B5_(%D0%A7%D0%B5%D1%85%D0%BE%D0%B2)
260;А.;П.;Чехов;Пересолил;0;1;ru.wikisource.org/wiki/%D0%9F%D0%B5%D1%80%D0%B5%D1%81%D0%BE%D0%BB%D0%B8%D0%BB_(%D0%A7%D0%B5%D1%85%D0%BE%D0%B2)
261;А.;П.;Чехов;Волк;0;1;ru.wikisource.org/wiki/%D0%92%D0%BE%D0%BB%D0%BA_(%D0%A7%D0%B5%D1%85%D0%BE%D0%B2)
262;А.;П.;Чехов;Хирургия;0;1;ru.wikisource.org/wiki/%D0%A5%D0%B8%D1%80%D1%83%D1%80%D0%B3%D0%B8%D1%8F_(%D0%A7%D0%B5%D1%85%D0%BE%D0%B2)
263;А.;П.;Чехов;Медведь;0;1;ru.wikisource.org/wiki/%D0%9C%D0%B5%D0%B4%D0%B2%D0%B5%D0%B4%D1%8C_(%D0%A7%D0%B5%D1%85%D0%BE%D0%B2)
264;А.;П.;Чехов;Переполох;0;1;ru.wikisource.org/wiki/%D0%9F%D0%B5%D1%80%D0%B5%D0%BF%D0%BE%D0%BB%D0%BE%D1%85_(%D0%A7%D0%B5%D1%85%D0%BE%D0%B2)
265;А.;П.;Чехов;Вишнёвый сад;0;1;ru.wikisource.org/wiki/%D0%92%D0%B8%D1%88%D0%BD%D1%91%D0%B2%D1%8B%D0%B9_%D1%81%D0%B0%D0%B4_(%D0%A7%D0%B5%D1%85%D0%BE%D0%B2)
266;А.;П.;Чехов;Анна на шее;0;1;ru.wikisource.org/wiki/%D0%90%D0%BD%D0%BD%D0%B0_%D0%BD%D0%B0_%D1%88%D0%B5%D0%B5_(%D0%A7%D0%B5%D1%85%D0%BE%D0%B2)
267;А.;П.;Чехов;Дядя Ваня;0;1;ru.wikisource.org/wiki/%D0%94%D1%8F%D0%B4%D1%8F_%D0%92%D0%B0%D0%BD%D1%8F_(%D0%A7%D0%B5%D1%85%D0%BE%D0%B2)
268;А.;П.;Чехов;;1;0;
269;А.;П.;Чехов;О любви;1;0;
270;А.;П.;Чехов;Палата №6;1;0;
271;А.;П.;Чехов;Чайка;1;0;
272;А.;П.;Чехов;Человек в футляре;1;0;
273;А.;П.;Чехов;Скрипка Ротшильда;1;0;
274;А.;П.;Чехов;Крыжовник;1;0;
275;А.;П.;Чехов;Вишневый сад;1;0;
276;А.;П.;Чехов;Ионыч;1;0;
277;А.;П.;Чехов;Устрицы;1;0;
278;А.;П.;Чехов;Экзамен на чин;1;0;
279;А.;П.;Чехов; Юмористические и сатирические рассказы;1;0;
280;А.;П.;Чехов;Каштанка;1;0;
281;А.;П.;Чехов;Три сестры;1;0;
282;В.;Г.;Распутин;Уроки французского;1;1;
283;В.;Г.;Распутин;Последний срок;0;1;
284;В.;Г.;Распутин;Прощание с Матерой;0;1;
285;В.;Г.;Распутин;Живи и помни;0;1;
286;М.;А.;Булгаков;Собачье сердце;1;1;ru.wikisource.orghttps://wikilivres.org/wiki/%D0%A1%D0%BE%D0%B1%D0%B0%D1%87%D1%8C%D0%B5_%D1%81%D0%B5%D1%80%D0%B4%D1%86%D0%B5
287;М.;А.;Булгаков;Похождения Чичикова;0;1;ru.wikisource.org/wiki/%D0%9F%D0%BE%D1%85%D0%BE%D0%B6%D0%B4%D0%B5%D0%BD%D0%B8%D1%8F_%D0%A7%D0%B8%D1%87%D0%B8%D0%BA%D0%BE%D0%B2%D0%B0
288;М.;А.;Булгаков;Мастер и Маргарита;0;1;ru.wikisource.orghttps://wikilivres.org/wiki/%D0%9C%D0%B0%D1%81%D1%82%D0%B5%D1%80_%D0%B8_%D0%9C%D0%B0%D1%80%D0%B3%D0%B0%D1%80%D0%B8%D1%82%D0%B0
289;М.;А.;Булгаков;Кабала святош;0;1;ru.wikisource.org/wiki/%D0%97%D0%B5%D0%BB%D1%91%D0%BD%D0%B0%D1%8F_%D0%BB%D0%B0%D0%BC%D0%BF%D0%B0_(%D0%93%D1%80%D0%B8%D0%BD)
290;М.;А.;Булгаков;Белая гвардия;0;1;ru.wikisource.org/wiki/%D0%91%D0%B5%D0%BB%D0%B0%D1%8F_%D0%B3%D0%B2%D0%B0%D1%80%D0%B4%D0%B8%D1%8F
291;М.;А.;Булгаков;Бег;0;1;ru.wikisource.org/wiki/%D0%91%D0%B5%D0%B3
292;В.;Г.;Короленко;Парадокс;1;1;ru.wikisource.org/wiki/%D0%9F%D0%B0%D1%80%D0%B0%D0%B4%D0%BE%D0%BA%D1%81_(%D0%9A%D0%BE%D1%80%D0%BE%D0%BB%D0%B5%D0%BD%D0%BA%D0%BE)
293;В.;Г.;Короленко;Без языка;0;1;ru.wikisource.org/wiki/%D0%A7%D1%83%D0%B4%D0%BD%D0%B0%D1%8F_(%D0%9A%D0%BE%D1%80%D0%BE%D0%BB%D0%B5%D0%BD%D0%BA%D0%BE)
294;В.;Г.;Короленко;В дурном обществе;0;1;ru.wikisource.org/wiki/%D0%92_%D0%B4%D1%83%D1%80%D0%BD%D0%BE%D0%BC_%D0%BE%D0%B1%D1%89%D0%B5%D1%81%D1%82%D0%B2%D0%B5_(%D0%9A%D0%BE%D1%80%D0%BE%D0%BB%D0%B5%D0%BD%D0%BA%D0%BE)
295;В.;Г.;Короленко;Река играет;0;1;ru.wikisource.org/wiki/%D0%A0%D0%B5%D0%BA%D0%B0_%D0%B8%D0%B3%D1%80%D0%B0%D0%B5%D1%82_(%D0%9A%D0%BE%D1%80%D0%BE%D0%BB%D0%B5%D0%BD%D0%BA%D0%BE)
296;В.;Г.;Короленко;Огоньки;0;1;ru.wikisource.org/wiki/%D0%9E%D0%B3%D0%BE%D0%BD%D1%8C%D0%BA%D0%B8_(%D0%9A%D0%BE%D1%80%D0%BE%D0%BB%D0%B5%D0%BD%D0%BA%D0%BE)
297;В.;Г.;Короленко;Публицистика;0;1;
298;В.;Г.;Короленко;Чудная;0;1;ru.wikisource.org/wiki/%D0%A7%D1%83%D0%B4%D0%BD%D0%B0%D1%8F_(%D0%9A%D0%BE%D1%80%D0%BE%D0%BB%D0%B5%D0%BD%D0%BA%D0%BE)
299;В.;Г.;Короленко;Письма к Луначарскому;0;1;
300;В.;Г.;Короленко;Слепой музыкант;1;0;
301;А.;;Сент-Экзюпери;Маленький принц;1;1;ru.wikisource.org/wiki/%D0%A7%D0%B5%D1%80%D0%B5%D0%BF%D0%B0%D1%85%D0%B0
302;А.;И.;Куприн;Белый пудель;1;1;ru.wikisource.org/wiki/%D0%91%D0%B5%D0%BB%D1%8B%D0%B9_%D0%BF%D1%83%D0%B4%D0%B5%D0%BB%D1%8C_(%D0%9A%D1%83%D0%BF%D1%80%D0%B8%D0%BD)
303;А.;И.;Куприн;Мой полёт;0;1;ru.wikisource.org/wiki/%D0%A2%D0%B0%D0%BF%D1%91%D1%80_(%D0%9A%D1%83%D0%BF%D1%80%D0%B8%D0%BD)
304;А.;И.;Куприн;Тапёр;0;1;ru.wikisource.org/wiki/%D0%A2%D0%B0%D0%BF%D1%91%D1%80_(%D0%9A%D1%83%D0%BF%D1%80%D0%B8%D0%BD)
305;А.;И.;Куприн;Поединок;0;1;ru.wikisource.org/wiki/%D0%9F%D0%BE%D0%B5%D0%B4%D0%B8%D0%BD%D0%BE%D0%BA_(%D0%9A%D1%83%D0%BF%D1%80%D0%B8%D0%BD)
306;А.;И.;Куприн;Олеся;0;1;ru.wikisource.org/wiki/%D0%9E%D0%BB%D0%B5%D1%81%D1%8F_(%D0%9A%D1%83%D0%BF%D1%80%D0%B8%D0%BD)
307;А.;И.;Куприн;Добрый доктор;0;1;ru.wikisource.org/wiki/%D0%A2%D0%B0%D0%BF%D1%91%D1%80_(%D0%9A%D1%83%D0%BF%D1%80%D0%B8%D0%BD)
308;А.;И.;Куприн;Гранатовый браслет;0;1;ru.wikisource.org/wiki/%D0%93%D1%80%D0%B0%D0%BD%D0%B0%D1%82%D0%BE%D0%B2%D1%8B%D0%B9_%D0%B1%D1%80%D0%B0%D1%81%D0%BB%D0%B5%D1%82_(%D0%9A%D1%83%D0%BF%D1%80%D0%B8%D0%BD)
309;А.;И.;Куприн;Гамбринус;1;0;
310;А.;Н.;Толстой;Пётр I;0;1;ru.wikisource.org/wiki/%D0%9B%D0%B5%D1%81_(%D0%9D%D0%B8%D0%BA%D0%B8%D1%82%D0%B8%D0%BD)
311;А.;Н.;Толстой;Петр I;1;0;
312;А.;Н.;Толстой; Детство Никиты;1;0;
313;В.;В.;Маяковский;Необычайное приключение, бывшее с Владимиром Маяковским на даче;0;1;ru.wikisource.org/wiki/%D0%9D%D0%B5%D0%BE%D0%B1%D1%8B%D1%87%D0%B0%D0%B9%D0%BD%D0%BE%D0%B5_%D0%BF%D1%80%D0%B8%D0%BA%D0%BB%D1%8E%D1%87%D0%B5%D0%BD%D0%B8%D0%B5,_%D0%B1%D1%8B%D0%B2%D1%88%D0%B5%D0%B5_%D1%81_%D0%92%D0%BB%D0%B0%D0%B4%D0%B8%D0%BC%D0%B8%D1%80%D0%BE%D0%BC_%D0%9C%D0%B0%D1%8F%D0%BA%D0%BE%D0%B2%D1%81%D0%BA%D0%B8%D0%BC_%D0%BD%D0%B0_%D0%B4%D0%B0%D1%87%D0%B5
314;В.;В.;Маяковский;Нате;0;1;ru.wikisource.org/wiki/%D0%9D%D0%B0%D1%82%D0%B5
315;В.;В.;Маяковский;Прозаседавшиеся;0;1;ru.wikisource.org/wiki/%D0%9F%D1%80%D0%BE%D0%B7%D0%B0%D1%81%D0%B5%D0%B4%D0%B0%D0%B2%D1%88%D0%B8%D0%B5%D1%81%D1%8F
316;В.;В.;Маяковский;Во весь голос;0;1;ru.wikisource.org/wiki/%D0%92%D0%BE_%D0%B2%D0%B5%D1%81%D1%8C_%D0%B3%D0%BE%D0%BB%D0%BE%D1%81
317;В.;В.;Маяковский;Хорошее отношение к лошадям;0;1;ru.wikisource.org/wiki/%D0%A5%D0%BE%D1%80%D0%BE%D1%88%D0%B5%D0%B5_%D0%BE%D1%82%D0%BD%D0%BE%D1%88%D0%B5%D0%BD%D0%B8%D0%B5_%D0%BA_%D0%BB%D0%BE%D1%88%D0%B0%D0%B4%D1%8F%D0%BC
318;В.;В.;Маяковский;Облако в штанах;0;1;ru.wikisource.org/wiki/%D0%9E%D0%B1%D0%BB%D0%B0%D0%BA%D0%BE_%D0%B2_%D1%88%D1%82%D0%B0%D0%BD%D0%B0%D1%85
319;В.;В.;Маяковский;Баня;0;1;ru.wikisource.org/wiki/%D0%91%D0%B0%D0%BD%D1%8F
320;В.;В.;Маяковский;Клоп;0;1;ru.wikisource.org/wiki/%D0%9A%D0%BB%D0%BE%D0%BF
321;В.;В.;Маяковский;Подлиза;0;1;ru.wikisource.org/wiki/%D0%9F%D0%BE%D0%B4%D0%BB%D0%B8%D0%B7%D0%B0
322;В.;В.;Маяковский;Люблю;0;1;ru.wikisource.org/wiki/%D0%9B%D1%8E%D0%B1%D0%BB%D1%8E
323;В.;В.;Маяковский;Послушайте;0;1;ru.wikisource.org/wiki/%D0%9F%D0%BE%D1%81%D0%BB%D1%83%D1%88%D0%B0%D0%B9%D1%82%D0%B5
324;В.;В.;Маяковский;А вы могли бы?;0;1;ru.wikisource.org/wiki/%D0%90_%D0%B2%D1%8B_%D0%BC%D0%BE%D0%B3%D0%BB%D0%B8_%D0%B1%D1%8B%3F
325;В.;В.;Маяковский;Конь-огонь;1;0;
326;В.;В.;Маяковский;Что такое хорошо и что такое плохо;1;0;
327;В.;В.;Маяковский;Кем быть?;1;0;
328;Н.;В.;Гоголь;Ночь перед Рождеством;1;1;ru.wikisource.org/wiki/%D0%9D%D0%BE%D1%87%D1%8C_%D0%BF%D0%B5%D1%80%D0%B5%D0%B4_%D0%A0%D0%BE%D0%B6%D0%B4%D0%B5%D1%81%D1%82%D0%B2%D0%BE%D0%BC_(%D0%93%D0%BE%D0%B3%D0%BE%D0%BB%D1%8C)
329;Н.;В.;Гоголь;Выбранные места из переписки с друзьями;0;1;ru.wikisource.org/wiki/%D0%92%D1%8B%D0%B1%D1%80%D0%B0%D0%BD%D0%BD%D1%8B%D0%B5_%D0%BC%D0%B5%D1%81%D1%82%D0%B0_%D0%B8%D0%B7_%D0%BF%D0%B5%D1%80%D0%B5%D0%BF%D0%B8%D1%81%D0%BA%D0%B8_%D1%81_%D0%B4%D1%80%D1%83%D0%B7%D1%8C%D1%8F%D0%BC%D0%B8_(%D0%93%D0%BE%D0%B3%D0%BE%D0%BB%D1%8C)
330;Н.;В.;Гоголь;Майская ночь, или Утопленница;0;1;ru.wikisource.org/wiki/%D0%9C%D0%B0%D0%B9%D1%81%D0%BA%D0%B0%D1%8F_%D0%BD%D0%BE%D1%87%D1%8C,_%D0%B8%D0%BB%D0%B8_%D0%A3%D1%82%D0%BE%D0%BF%D0%BB%D0%B5%D0%BD%D0%BD%D0%B8%D1%86%D0%B0_(%D0%93%D0%BE%D0%B3%D0%BE%D0%BB%D1%8C)
331;Н.;В.;Гоголь;Заколдованное место;0;1;ru.wikisource.org/wiki/%D0%97%D0%B0%D0%BA%D0%BE%D0%BB%D0%B4%D0%BE%D0%B2%D0%B0%D0%BD%D0%BD%D0%BE%D0%B5_%D0%BC%D0%B5%D1%81%D1%82%D0%BE_(%D0%93%D0%BE%D0%B3%D0%BE%D0%BB%D1%8C)
332;Н.;В.;Гоголь;Миргород;1;0;
333;Н.;В.;Гоголь;Тарас Бульба;1;0;
334;Н.;В.;Гоголь;Вечера на хуторе близ Диканьки;1;0;
335;Н.;В.;Гоголь;Шинель;1;0;
336;Н.;В.;Гоголь;Женитьба;1;0;
337;Н.;В.;Гоголь;Мертвые души;1;0;
338;Н.;В.;Гоголь;Ревизор;1;0;
339;А.;С.;Грибоедов;Горе от ума;1;1;ru.wikisource.org/wiki/%D0%93%D0%BE%D1%80%D0%B5_%D0%BE%D1%82_%D1%83%D0%BC%D0%B0_(%D0%93%D1%80%D0%B8%D0%B1%D0%BE%D0%B5%D0%B4%D0%BE%D0%B2)
340;И.;С.;Тургенев;Ася;1;1;ru.wikisource.org/wiki/%D0%90%D1%81%D1%8F_(%D0%A2%D1%83%D1%80%D0%B3%D0%B5%D0%BD%D0%B5%D0%B2)
341;И.;С.;Тургенев;Первая любовь;1;1;ru.wikisource.org/wiki/%D0%9F%D0%B5%D1%80%D0%B2%D0%B0%D1%8F_%D0%BB%D1%8E%D0%B1%D0%BE%D0%B2%D1%8C_(%D0%A2%D1%83%D1%80%D0%B3%D0%B5%D0%BD%D0%B5%D0%B2)
342;И.;С.;Тургенев;Отцы и дети;1;1;ru.wikisource.org/wiki/%D0%9E%D1%82%D1%86%D1%8B_%D0%B8_%D0%B4%D0%B5%D1%82%D0%B8_(%D0%A2%D1%83%D1%80%D0%B3%D0%B5%D0%BD%D0%B5%D0%B2)
343;И.;С.;Тургенев;Рудин;1;1;ru.wikisource.org/wiki/%D0%A0%D1%83%D0%B4%D0%B8%D0%BD_(%D0%A2%D1%83%D1%80%D0%B3%D0%B5%D0%BD%D0%B5%D0%B2)
344;И.;С.;Тургенев;Бежин луг;0;1;ru.wikisource.org/wiki/%D0%91%D0%B5%D0%B6%D0%B8%D0%BD_%D0%BB%D1%83%D0%B3_(%D0%A2%D1%83%D1%80%D0%B3%D0%B5%D0%BD%D0%B5%D0%B2)
345;И.;С.;Тургенев;Бирюк;0;1;ru.wikisource.org/wiki/%D0%91%D0%B8%D1%80%D1%8E%D0%BA_(%D0%A2%D1%83%D1%80%D0%B3%D0%B5%D0%BD%D0%B5%D0%B2)
346;И.;С.;Тургенев;Как хороши, как свежи были розы;0;1;ru.wikisource.org/wiki/%D0%9A%D0%B0%D0%BA_%D1%85%D0%BE%D1%80%D0%BE%D1%88%D0%B8,_%D0%BA%D0%B0%D0%BA_%D1%81%D0%B2%D0%B5%D0%B6%D0%B8_%D0%B1%D1%8B%D0%BB%D0%B8_%D1%80%D0%BE%D0%B7%D1%8B_(%D0%A2%D1%83%D1%80%D0%B3%D0%B5%D0%BD%D0%B5%D0%B2)
347;И.;С.;Тургенев;Русский язык;0;1;ru.wikisource.org/wiki/%D0%A0%D1%83%D1%81%D1%81%D0%BA%D0%B8%D0%B9_%D1%8F%D0%B7%D1%8B%D0%BA_(%D0%A2%D1%83%D1%80%D0%B3%D0%B5%D0%BD%D0%B5%D0%B2)
348;И.;С.;Тургенев;Два богача;0;1;ru.wikisource.org/wiki/%D0%94%D0%B2%D0%B0_%D0%B1%D0%BE%D0%B3%D0%B0%D1%87%D0%B0_(%D0%A2%D1%83%D1%80%D0%B3%D0%B5%D0%BD%D0%B5%D0%B2)
349;И.;С.;Тургенев;"Записки охотника
Бежин луг
Хорь и Калиныч
Бирюк
Певцы";0;1;ru.wikisource.org/wiki/%D0%97%D0%B0%D0%BF%D0%B8%D1%81%D0%BA%D0%B8_%D0%BE%D1%85%D0%BE%D1%82%D0%BD%D0%B8%D0%BA%D0%B0_(%D0%A2%D1%83%D1%80%D0%B3%D0%B5%D0%BD%D0%B5%D0%B2)
350;И.;С.;Тургенев;Муму;0;1;ru.wikisource.org/wiki/%D0%9C%D1%83%D0%BC%D1%83_(%D0%A2%D1%83%D1%80%D0%B3%D0%B5%D0%BD%D0%B5%D0%B2)
351;И.;С.;Тургенев;Близнецы;0;1;ru.wikisource.org/wiki/%D0%91%D0%BB%D0%B8%D0%B7%D0%BD%D0%B5%D1%86%D1%8B_(%D0%A2%D1%83%D1%80%D0%B3%D0%B5%D0%BD%D0%B5%D0%B2)
352;И.;С.;Тургенев;Хорь и Калиныч;0;1;ru.wikisource.org/wiki/%D0%A5%D0%BE%D1%80%D1%8C_%D0%B8_%D0%9A%D0%B0%D0%BB%D0%B8%D0%BD%D1%8B%D1%87_(%D0%A2%D1%83%D1%80%D0%B3%D0%B5%D0%BD%D0%B5%D0%B2)
353;И.;С.;Тургенев;Певцы;0;1;ru.wikisource.org/wiki/%D0%9F%D0%B5%D0%B2%D1%86%D1%8B_(%D0%A2%D1%83%D1%80%D0%B3%D0%B5%D0%BD%D0%B5%D0%B2)
354;И.;С.;Тургенев;Вешние воды;1;0;
355;И.;С.;Тургенев;Накануне;1;0;
356;И.;С.;Тургенев;Дворянское гнездо;1;0;
357;И.;С.;Тургенев;Дым;1;0;
358;И.;С.;Тургенев;Записки охотника;1;0;
359;Е.;;Шварц;Два клена;1;0;
360;Е.;;Шварц;Снежная королева;1;0;
361;Е.;;Шварц;Дракон;1;0;
362;Ф.;И.;Тютчев;Осенний вечер;0;1;ru.wikisource.org/wiki/%D0%9E%D1%81%D0%B5%D0%BD%D0%BD%D0%B8%D0%B9_%D0%B2%D0%B5%D1%87%D0%B5%D1%80_(%D0%A2%D1%8E%D1%82%D1%87%D0%B5%D0%B2)
363;Ф.;И.;Тютчев;Умом Россию не понять…;0;1;ru.wikisource.org/wiki/%D0%A3%D0%BC%D0%BE%D0%BC_%D0%A0%D0%BE%D1%81%D1%81%D0%B8%D1%8E_%D0%BD%D0%B5_%D0%BF%D0%BE%D0%BD%D1%8F%D1%82%D1%8C_(%D0%A2%D1%8E%D1%82%D1%87%D0%B5%D0%B2)
364;Ф.;И.;Тютчев;Чародейкою Зимою…;0;1;ru.wikisource.org/wiki/%D0%A7%D0%B0%D1%80%D0%BE%D0%B4%D0%B5%D0%B9%D0%BA%D0%BE%D1%8E_%D0%97%D0%B8%D0%BC%D0%BE%D1%8E_(%D0%A2%D1%8E%D1%82%D1%87%D0%B5%D0%B2)
365;Ф.;И.;Тютчев;Эти бедные селенья…;0;1;ru.wikisource.org/wiki/%D0%AD%D1%82%D0%B8_%D0%B1%D0%B5%D0%B4%D0%BD%D1%8B%D0%B5_%D1%81%D0%B5%D0%BB%D0%B5%D0%BD%D1%8C%D1%8F_(%D0%A2%D1%8E%D1%82%D1%87%D0%B5%D0%B2)
366;Ф.;И.;Тютчев;Чему молилась ты с любовью…;0;1;ru.wikisource.org/wiki/%D0%A7%D0%B5%D0%BC%D1%83_%D0%BC%D0%BE%D0%BB%D0%B8%D0%BB%D0%B0%D1%81%D1%8C_%D1%82%D1%8B_%D1%81_%D0%BB%D1%8E%D0%B1%D0%BE%D0%B2%D1%8C%D1%8E_(%D0%A2%D1%8E%D1%82%D1%87%D0%B5%D0%B2)
367;Ф.;И.;Тютчев;Листья;0;1;ru.wikisource.org/wiki/%D0%9B%D0%B8%D1%81%D1%82%D1%8C%D1%8F_(%D0%A2%D1%8E%D1%82%D1%87%D0%B5%D0%B2)
368;Ф.;И.;Тютчев;Как весел грохот летних бурь…;0;1;ru.wikisource.org/wiki/%D0%9A%D0%B0%D0%BA_%D0%B2%D0%B5%D1%81%D0%B5%D0%BB_%D0%B3%D1%80%D0%BE%D1%85%D0%BE%D1%82_%D0%BB%D0%B5%D1%82%D0%BD%D0%B8%D1%85_%D0%B1%D1%83%D1%80%D1%8C_(%D0%A2%D1%8E%D1%82%D1%87%D0%B5%D0%B2)
369;Ф.;И.;Тютчев;Что ты клонишь над водами…;0;1;ru.wikisource.org/wiki/%D0%A7%D1%82%D0%BE_%D1%82%D1%8B_%D0%BA%D0%BB%D0%BE%D0%BD%D0%B8%D1%88%D1%8C_%D0%BD%D0%B0%D0%B4_%D0%B2%D0%BE%D0%B4%D0%B0%D0%BC%D0%B8_(%D0%A2%D1%8E%D1%82%D1%87%D0%B5%D0%B2)
370;Ф.;И.;Тютчев;Фонтан;0;1;ru.wikisource.org/wiki/%D0%A4%D0%BE%D0%BD%D1%82%D0%B0%D0%BD_(%D0%A2%D1%8E%D1%82%D1%87%D0%B5%D0%B2)
371;Ф.;И.;Тютчев;Цицерон;0;1;ru.wikisource.org/wiki/%D0%A6%D0%B8%D1%86%D0%B5%D1%80%D0%BE%D0%BD_(%D0%A2%D1%8E%D1%82%D1%87%D0%B5%D0%B2)
372;Ф.;И.;Тютчев;Нам не дано предугадать…;0;1;ru.wikisource.org/wiki/%D0%9D%D0%B0%D0%BC_%D0%BD%D0%B5_%D0%B4%D0%B0%D0%BD%D0%BE_%D0%BF%D1%80%D0%B5%D0%B4%D1%83%D0%B3%D0%B0%D0%B4%D0%B0%D1%82%D1%8C_(%D0%A2%D1%8E%D1%82%D1%87%D0%B5%D0%B2)
373;Ф.;И.;Тютчев;Летний вечер;0;1;ru.wikisource.org/wiki/%D0%9B%D0%B5%D1%82%D0%BD%D0%B8%D0%B9_%D0%B2%D0%B5%D1%87%D0%B5%D1%80_(%D0%A2%D1%8E%D1%82%D1%87%D0%B5%D0%B2)
374;Ф.;И.;Тютчев;Она сидела на полу…;0;1;ru.wikisource.org/wiki/%D0%9E%D0%BD%D0%B0_%D1%81%D0%B8%D0%B4%D0%B5%D0%BB%D0%B0_%D0%BD%D0%B0_%D0%BF%D0%BE%D0%BB%D1%83_(%D0%A2%D1%8E%D1%82%D1%87%D0%B5%D0%B2)
375;Ф.;И.;Тютчев;Неохотно и несмело…;0;1;ru.wikisource.org/wiki/%D0%9D%D0%B5%D0%BE%D1%85%D0%BE%D1%82%D0%BD%D0%BE_%D0%B8_%D0%BD%D0%B5%D1%81%D0%BC%D0%B5%D0%BB%D0%BE_(%D0%A2%D1%8E%D1%82%D1%87%D0%B5%D0%B2)
376;Ф.;И.;Тютчев;О, как убийственно мы любим…;0;1;ru.wikisource.org/wiki/%D0%9E,_%D0%BA%D0%B0%D0%BA_%D1%83%D0%B1%D0%B8%D0%B9%D1%81%D1%82%D0%B2%D0%B5%D0%BD%D0%BD%D0%BE_%D0%BC%D1%8B_%D0%BB%D1%8E%D0%B1%D0%B8%D0%BC_(%D0%A2%D1%8E%D1%82%D1%87%D0%B5%D0%B2)
377;Ф.;И.;Тютчев;Весенние воды;0;1;ru.wikisource.org/wiki/%D0%92%D0%B5%D1%81%D0%B5%D0%BD%D0%BD%D0%B8%D0%B5_%D0%B2%D0%BE%D0%B4%D1%8B_(%D0%A2%D1%8E%D1%82%D1%87%D0%B5%D0%B2)
378;Ф.;И.;Тютчев;Есть в осени первоначальной…;0;1;ru.wikisource.org/wiki/%D0%95%D1%81%D1%82%D1%8C_%D0%B2_%D0%BE%D1%81%D0%B5%D0%BD%D0%B8_%D0%BF%D0%B5%D1%80%D0%B2%D0%BE%D0%BD%D0%B0%D1%87%D0%B0%D0%BB%D1%8C%D0%BD%D0%BE%D0%B9_(%D0%A2%D1%8E%D1%82%D1%87%D0%B5%D0%B2)
379;Ф.;И.;Тютчев;;1;0;
380;Ф.;И.;Тютчев; ;1;0;
381;Ф.;И.;Тютчев; Стихотворения;1;0;
382;Ф.;И.;Тютчев; Лирика;1;0;
383;А.;Н.;Островский;Снегурочка;1;1;ru.wikisource.org/wiki/%D0%A1%D0%BD%D0%B5%D0%B3%D1%83%D1%80%D0%BE%D1%87%D0%BA%D0%B0_(%D0%9E%D1%81%D1%82%D1%80%D0%BE%D0%B2%D1%81%D0%BA%D0%B8%D0%B9)
384;А.;Н.;Островский;Доходное место;1;1;ru.wikisource.org/wiki/%D0%93%D1%80%D0%BE%D0%B7%D0%B0_(%D0%9E%D1%81%D1%82%D1%80%D0%BE%D0%B2%D1%81%D0%BA%D0%B8%D0%B9)
385;А.;Н.;Островский;Бесприданница;1;1;ru.wikisource.org/wiki/%D0%91%D0%B5%D1%81%D0%BF%D1%80%D0%B8%D0%B4%D0%B0%D0%BD%D0%BD%D0%B8%D1%86%D0%B0
386;А.;Н.;Островский;Гроза;1;1;ru.wikisource.org/wiki/%D0%93%D1%80%D0%BE%D0%B7%D0%B0_(%D0%9E%D1%81%D1%82%D1%80%D0%BE%D0%B2%D1%81%D0%BA%D0%B8%D0%B9)
387;А.;Н.;Островский;Бедность не порок;0;1;ru.wikisource.org/wiki/%D0%91%D0%B5%D0%B4%D0%BD%D0%BE%D1%81%D1%82%D1%8C_%D0%BD%D0%B5_%D0%BF%D0%BE%D1%80%D0%BE%D0%BA_(%D0%9E%D1%81%D1%82%D1%80%D0%BE%D0%B2%D1%81%D0%BA%D0%B8%D0%B9)
388;А.;Н.;Островский;Свои люди — сочтёмся;0;1;ru.wikisource.org/wiki/%D0%A1%D0%BD%D0%B5%D0%B3%D1%83%D1%80%D0%BE%D1%87%D0%BA%D0%B0_(%D0%9E%D1%81%D1%82%D1%80%D0%BE%D0%B2%D1%81%D0%BA%D0%B8%D0%B9)
389;А.;Н.;Островский;За чем пойдешь, то и найдешь;1;0;
390;А.;Н.;Островский;Свои люди сочтемся;1;0;
391;А.;Н.;Островский;На всякого мудреца довольно простоты;1;0;
392;Н.;А.;Некрасов;Железная дорога;1;1;ru.wikisource.org/wiki/%D0%96%D0%B5%D0%BB%D0%B5%D0%B7%D0%BD%D0%B0%D1%8F_%D0%B4%D0%BE%D1%80%D0%BE%D0%B3%D0%B0
393;Н.;А.;Некрасов;Школьник;1;1;ru.wikisource.org/wiki/%D0%A8%D0%BA%D0%BE%D0%BB%D1%8C%D0%BD%D0%B8%D0%BA_(%D0%9D%D0%B5%D0%BA%D1%80%D0%B0%D1%81%D0%BE%D0%B2)
394;Н.;А.;Некрасов;Дедушка;1;1;ru.wikisource.org/wiki/%D0%94%D0%B5%D0%B4%D1%83%D1%88%D0%BA%D0%B0_(%D0%9D%D0%B5%D0%BA%D1%80%D0%B0%D1%81%D0%BE%D0%B2)
395;Н.;А.;Некрасов;В полном разгаре страда деревенская;0;1;ru.wikisource.org/wiki/%D0%A1%D1%82%D1%80%D0%B0%D0%B4%D0%B0_(%D0%9D%D0%B5%D0%BA%D1%80%D0%B0%D1%81%D0%BE%D0%B2)
396;Н.;А.;Некрасов;В дороге;0;1;ru.wikisource.org/wiki/%D0%92_%D0%B4%D0%BE%D1%80%D0%BE%D0%B3%D0%B5_(%D0%9D%D0%B5%D0%BA%D1%80%D0%B0%D1%81%D0%BE%D0%B2)
397;Н.;А.;Некрасов;Мы с тобой бестолковые люди…;0;1;ru.wikisource.org/wiki/%D0%AF_%D0%BD%D0%B5_%D0%BB%D1%8E%D0%B1%D0%BB%D1%8E_%D0%B8%D1%80%D0%BE%D0%BD%D0%B8%D0%B8_%D1%82%D0%B2%D0%BE%D0%B5%D0%B9%E2%80%A6
398;Н.;А.;Некрасов;Умру я скоро…;0;1;ru.wikisource.org/wiki/%D0%AF_%D0%BD%D0%B5_%D0%BB%D1%8E%D0%B1%D0%BB%D1%8E_%D0%B8%D1%80%D0%BE%D0%BD%D0%B8%D0%B8_%D1%82%D0%B2%D0%BE%D0%B5%D0%B9%E2%80%A6
399;Н.;А.;Некрасов;Внимая ужасам войны;0;1;ru.wikisource.org/wiki/%D0%92%D0%BD%D0%B8%D0%BC%D0%B0%D1%8F_%D1%83%D0%B6%D0%B0%D1%81%D0%B0%D0%BC_%D0%B2%D0%BE%D0%B9%D0%BD%D1%8B
400;Н.;А.;Некрасов;Размышления у парадного подъезда;0;1;ru.wikisource.org/wiki/%D0%A0%D0%B0%D0%B7%D0%BC%D1%8B%D1%88%D0%BB%D0%B5%D0%BD%D0%B8%D1%8F_%D1%83_%D0%BF%D0%B0%D1%80%D0%B0%D0%B4%D0%BD%D0%BE%D0%B3%D0%BE_%D0%BF%D0%BE%D0%B4%D1%8A%D0%B5%D0%B7%D0%B4%D0%B0
401;Н.;А.;Некрасов;Вчерашний день часу в шестом;0;1;ru.wikisource.org/wiki/%D0%92%D1%87%D0%B5%D1%80%D0%B0%D1%88%D0%BD%D0%B8%D0%B9_%D0%B4%D0%B5%D0%BD%D1%8C_%D1%87%D0%B0%D1%81%D1%83_%D0%B2_%D1%88%D0%B5%D1%81%D1%82%D0%BE%D0%BC
402;Н.;А.;Некрасов;Безвестен я…;0;1;ru.wikisource.org/wiki/%D0%AF_%D0%BD%D0%B5_%D0%BB%D1%8E%D0%B1%D0%BB%D1%8E_%D0%B8%D1%80%D0%BE%D0%BD%D0%B8%D0%B8_%D1%82%D0%B2%D0%BE%D0%B5%D0%B9%E2%80%A6
403;Н.;А.;Некрасов;Соловьи;0;1;ru.wikisource.org/wiki/%D0%94%D0%B5%D0%B4%D1%83%D1%88%D0%BA%D0%B0_(%D0%9D%D0%B5%D0%BA%D1%80%D0%B0%D1%81%D0%BE%D0%B2)
404;Н.;А.;Некрасов;Тройка;0;1;ru.wikisource.org/wiki/%D0%A2%D1%80%D0%BE%D0%B9%D0%BA%D0%B0
405;Н.;А.;Некрасов;Я не люблю иронии твоей…;0;1;ru.wikisource.org/wiki/%D0%AF_%D0%BD%D0%B5_%D0%BB%D1%8E%D0%B1%D0%BB%D1%8E_%D0%B8%D1%80%D0%BE%D0%BD%D0%B8%D0%B8_%D1%82%D0%B2%D0%BE%D0%B5%D0%B9%E2%80%A6
406;Н.;А.;Некрасов;Ты всегда хороша несравненно…;0;1;ru.wikisource.org/wiki/%D0%92%D1%87%D0%B5%D1%80%D0%B0%D1%88%D0%BD%D0%B8%D0%B9_%D0%B4%D0%B5%D0%BD%D1%8C_%D1%87%D0%B0%D1%81%D1%83_%D0%B2_%D1%88%D0%B5%D1%81%D1%82%D0%BE%D0%BC
407;Н.;А.;Некрасов;Русские женщины: Княгиня Трубецкая;0;1;ru.wikisource.org/wiki/%D0%9A%D0%BE%D0%BC%D1%83_%D0%BD%D0%B0_%D0%A0%D1%83%D1%81%D0%B8_%D0%B6%D0%B8%D1%82%D1%8C_%D1%85%D0%BE%D1%80%D0%BE%D1%88%D0%BE
408;Н.;А.;Некрасов;На Волге;0;1;ru.wikisource.org/wiki/%D0%9D%D0%B0_%D0%92%D0%BE%D0%BB%D0%B3%D0%B5_(%D0%9D%D0%B5%D0%BA%D1%80%D0%B0%D1%81%D0%BE%D0%B2)
409;Н.;А.;Некрасов;Кому на Руси жить хорошо;0;1;ru.wikisource.org/wiki/%D0%9A%D0%BE%D0%BC%D1%83_%D0%BD%D0%B0_%D0%A0%D1%83%D1%81%D0%B8_%D0%B6%D0%B8%D1%82%D1%8C_%D1%85%D0%BE%D1%80%D0%BE%D1%88%D0%BE
410;Н.;А.;Некрасов;Мороз Красный Нос;0;1;ru.wikisource.org/wiki/%D0%94%D0%B5%D0%B4%D1%83%D1%88%D0%BA%D0%B0_(%D0%9D%D0%B5%D0%BA%D1%80%D0%B0%D1%81%D0%BE%D0%B2)
411;Н.;А.;Некрасов;Калистрат;0;1;ru.wikisource.org/wiki/%D0%92_%D0%B4%D0%BE%D1%80%D0%BE%D0%B3%D0%B5_(%D0%9D%D0%B5%D0%BA%D1%80%D0%B0%D1%81%D0%BE%D0%B2)
412;Н.;А.;Некрасов;Кому на Руси жить хорошо?;1;0;
413;Н.;А.;Некрасов;Дед Мазай и зайцы;1;0;
414;Н.;А.;Некрасов;Коробейники;1;0;
415;Л.;Н.;Толстой;Кавказский пленник;1;1;ru.wikisource.org/wiki/%D0%9A%D0%B0%D0%B2%D0%BA%D0%B0%D0%B7%D1%81%D0%BA%D0%B8%D0%B9_%D0%BF%D0%BB%D0%B5%D0%BD%D0%BD%D0%B8%D0%BA_(%D0%A2%D0%BE%D0%BB%D1%81%D1%82%D0%BE%D0%B9)
416;Л.;Н.;Толстой;Отрочество;1;1;ru.wikisource.org/wiki/%D0%9E%D1%82%D1%80%D0%BE%D1%87%D0%B5%D1%81%D1%82%D0%B2%D0%BE_(%D0%A2%D0%BE%D0%BB%D1%81%D1%82%D0%BE%D0%B9)
417;Л.;Н.;Толстой;Война и мир;1;1;ru.wikisource.org/wiki/%D0%92%D0%BE%D0%B9%D0%BD%D0%B0_%D0%B8_%D0%BC%D0%B8%D1%80_(%D0%A2%D0%BE%D0%BB%D1%81%D1%82%D0%BE%D0%B9)
418;Л.;Н.;Толстой;Детство;1;1;ru.wikisource.org/wiki/%D0%94%D0%B5%D1%82%D1%81%D1%82%D0%B2%D0%BE_(%D0%A2%D0%BE%D0%BB%D1%81%D1%82%D0%BE%D0%B9)
419;Л.;Н.;Толстой;После бала;0;1;ru.wikisource.org/wiki/%D0%9F%D0%BE%D1%81%D0%BB%D0%B5_%D0%B1%D0%B0%D0%BB%D0%B0
420;Л.;Н.;Толстой;Юность;0;1;ru.wikisource.org/wiki/%D0%AE%D0%BD%D0%BE%D1%81%D1%82%D1%8C_(%D0%A2%D0%BE%D0%BB%D1%81%D1%82%D0%BE%D0%B9)
421;Л.;Н.;Толстой;Люцерн;1;0;
422;Л.;Н.;Толстой;Набег;1;0;
423;Л.;Н.;Толстой;Казаки;1;0;
424;Л.;Н.;Толстой;Золотой ключик или приключения Буратино;1;0;
425;Л.;Н.;Толстой;Севастопольские рассказы;1;0;
426;Л.;Н.;Толстой;Воскресение;1;0;
427;Л.;Н.;Толстой; Рассказы для детей;1;0;
428;Л.;Н.;Толстой;Хаджи-Мурат;1;0;
429;Л.;Н.;Толстой;Утро помещика;1;0;
430;Л.;Н.;Толстой;Анна Каренина;1;0;
431;В.;;Быков;Обелиск;1;1;
432;В.;;Быков;Сотников;1;1;
433;В.;;Быков;"""Облава""";0;1;
434;В.;;Быков;Карьер;1;0;
435;В.;;Быков;Знак беды;1;0;
436;В.;;Быков;Альпийская баллада;1;0;
437;А.;Т.;Твардовский;Спасибо;0;1;
438;А.;Т.;Твардовский;За далью даль;0;1;
439;А.;Т.;Твардовский;На дне моей жизни…;0;1;
440;А.;Т.;Твардовский;Братья;0;1;
441;А.;Т.;Твардовский;Василий Тёркин;0;1;
442;А.;Т.;Твардовский;Снега потемнеют синие…;0;1;
443;А.;Т.;Твардовский;Урожай;0;1;
444;А.;Т.;Твардовский;Страна Муравия;0;1;
445;А.;Т.;Твардовский;Матери;0;1;
446;А.;Т.;Твардовский;Я убит подо Ржевом;0;1;
447;А.;Т.;Твардовский;Родное;0;1;
448;А.;Т.;Твардовский;Весенние строчки;0;1;
449;А.;Т.;Твардовский;Июль, макушка лета…;0;1;
450;А.;Т.;Твардовский;Теркин на том свете;1;0;
451;А.;Т.;Твардовский;Василий Теркин;1;0;
452;И.;А.;Бунин;Цифры;0;1;
453;И.;А.;Бунин;Лапти;0;1;
454;И.;А.;Бунин;Перед закатом набежало;0;1;
455;И.;А.;Бунин;Сверчок;0;1;
456;И.;А.;Бунин;Танька;0;1;
457;И.;А.;Бунин;"Стихотворения:
Густой зелёный ельник у дороги
Осыпаются астры в садах
Перед закатом набежало
Вечер
Слово
Сказка
Помню долгий зимний вечер
Летняя ночь
Первым утренник, серебряным мороз
Ещё и холоден и сыр
Детство
Чистый понедельник
Родина В. Брюсов ??
За веком век
Труд";0;1;
458;И.;А.;Бунин;Солнечный удар;0;1;
459;И.;А.;Бунин;За веком век;0;1;
460;И.;А.;Бунин;Чистый понедельник;0;1;
461;И.;А.;Бунин;Родина В. Брюсов ??;0;1;
462;И.;А.;Бунин;Труд;0;1;
463;И.;А.;Бунин;Осыпаются астры в садах;0;1;
464;И.;А.;Бунин;Помню долгий зимний вечер;0;1;
465;И.;А.;Бунин;Слово;0;1;
466;И.;А.;Бунин;Вечер;0;1;
467;И.;А.;Бунин;Сказка;0;1;
468;И.;А.;Бунин;Первым утренник, серебряным мороз;0;1;
469;И.;А.;Бунин;Летняя ночь;0;1;
470;И.;А.;Бунин;Господин из Сан-Франциско;0;1;
471;И.;А.;Бунин;Ещё и холоден и сыр;0;1;
472;И.;А.;Бунин;Густой зелёный ельник у дороги;0;1;
473;И.;А.;Бунин;Иоанн-Рыдалец;0;1;
474;И.;А.;Бунин;Детство;0;1;
475;И.;А.;Бунин;Темные аллеи;1;0;
476;Джек;;Лондон;Рассказы;0;1;
477;Джек;;Лондон;Любовь к жизни;0;1;
478;Ж.;Б.;Мольер;Мещанин во дворянстве или Скупой;0;1;ru.wikisource.org/wiki/%D0%93%D0%B0%D0%BC%D0%BB%D0%B5%D1%82
479;Ж.;Б.;Мольер;Тартюф;0;1;ru.wikisource.org/wiki/%D0%93%D0%B0%D0%BC%D0%BB%D0%B5%D1%82
480;М.;А.;Антонович;Асмодей нашего времени;0;1;ru.wikisource.org/wiki/%D0%90%D1%81%D0%BC%D0%BE%D0%B4%D0%B5%D0%B9_%D0%BD%D0%B0%D1%88%D0%B5%D0%B3%D0%BE_%D0%B2%D1%80%D0%B5%D0%BC%D0%B5%D0%BD%D0%B8_(%D0%90%D0%BD%D1%82%D0%BE%D0%BD%D0%BE%D0%B2%D0%B8%D1%87)
481;Я.;П.;Полонский;По горам две хмурых тучи;0;1;ru.wikisource.org/wiki/%D0%9F%D0%BE_%D0%B3%D0%BE%D1%80%D0%B0%D0%BC_%D0%B4%D0%B2%D0%B5_%D1%85%D0%BC%D1%83%D1%80%D1%8B%D1%85_%D1%82%D1%83%D1%87%D0%B8
482;А.;;Серафимович;Железный поток;0;1;
483;Н.;Н.;Страхов;Отцы и дети И. С. Тургенева (Тургенев);0;1;ru.wikisource.org/wiki/%D0%91%D0%B0%D0%B7%D0%B0%D1%80%D0%BE%D0%B2
484;А.;А.;Григорьев;После „Грозы“ Островского (Островский);0;1;ru.wikisource.org/wiki/%D0%91%D0%B0%D0%B7%D0%B0%D1%80%D0%BE%D0%B2
485;А.;А.;Григорьев;Письма к Ивану Сергеевичу Тургеневу;0;1;ru.wikisource.org/wiki/%D0%91%D0%B0%D0%B7%D0%B0%D1%80%D0%BE%D0%B2
486;Илья Ильф и Евгений Петров;;;Двенадцать стульев;0;1;
487;Русские народные сказки;;;Два Ивана —  солдатских сына;0;1;ru.wikisource.org/wiki/%D0%9D%D0%B0%D1%80%D0%BE%D0%B4%D0%BD%D1%8B%D0%B5_%D1%80%D1%83%D1%81%D1%81%D0%BA%D0%B8%D0%B5_%D1%81%D0%BA%D0%B0%D0%B7%D0%BA%D0%B8_(%D0%90%D1%84%D0%B0%D0%BD%D0%B0%D1%81%D1%8C%D0%B5%D0%B2)/%D0%94%D0%B2%D0%B0_%D0%98%D0%B2%D0%B0%D0%BD%D0%B0_%D1%81%D0%BE%D0%BB%D0%B4%D0%B0%D1%82%D1%81%D0%BA%D0%B8%D1%85_%D1%81%D1%8B%D0%BD%D0%B0
488;Русские народные сказки;;;Финист — Ясный Сокол;0;1;ru.wikisource.org/wiki/%D0%A4%D0%B8%D0%BD%D0%B8%D1%81%D1%82_%E2%80%94_%D0%AF%D1%81%D0%BD%D1%8B%D0%B9_%D0%A1%D0%BE%D0%BA%D0%BE%D0%BB
489;Русские народные сказки;;;Царевна-лягушка;0;1;ru.wikisource.org/wiki/%D0%9D%D0%B0%D1%80%D0%BE%D0%B4%D0%BD%D1%8B%D0%B5_%D1%80%D1%83%D1%81%D1%81%D0%BA%D0%B8%D0%B5_%D1%81%D0%BA%D0%B0%D0%B7%D0%BA%D0%B8_(%D0%90%D1%84%D0%B0%D0%BD%D0%B0%D1%81%D1%8C%D0%B5%D0%B2)/%D0%A6%D0%B0%D1%80%D0%B5%D0%B2%D0%BD%D0%B0-%D0%BB%D1%8F%D0%B3%D1%83%D1%88%D0%BA%D0%B0
490;Русские народные сказки;;;Марья Моревна;0;1;ru.wikisource.org/wiki/%D0%9D%D0%B0%D1%80%D0%BE%D0%B4%D0%BD%D1%8B%D0%B5_%D1%80%D1%83%D1%81%D1%81%D0%BA%D0%B8%D0%B5_%D1%81%D0%BA%D0%B0%D0%B7%D0%BA%D0%B8_(%D0%90%D1%84%D0%B0%D0%BD%D0%B0%D1%81%D1%8C%D0%B5%D0%B2)/%D0%9C%D0%B0%D1%80%D1%8C%D1%8F_%D0%9C%D0%BE%D1%80%D0%B5%D0%B2%D0%BD%D0%B0
491;Русские народные сказки;;;Бой на Калиновом мосту;0;1;ru.wikisource.org/wiki/%D0%91%D0%BE%D0%B9_%D0%BD%D0%B0_%D0%9A%D0%B0%D0%BB%D0%B8%D0%BD%D0%BE%D0%B2%D0%BE%D0%BC_%D0%BC%D0%BE%D1%81%D1%82%D1%83
492;Русские народные сказки;;;Каша из топора;0;1;ru.wikisource.org/wiki/%D0%9A%D0%B0%D1%88%D0%B0_%D0%B8%D0%B7_%D1%82%D0%BE%D0%BF%D0%BE%D1%80%D0%B0
493;Русские народные сказки;;;Василиса Прекрасная;0;1;ru.wikisource.org/wiki/%D0%9D%D0%B0%D1%80%D0%BE%D0%B4%D0%BD%D1%8B%D0%B5_%D1%80%D1%83%D1%81%D1%81%D0%BA%D0%B8%D0%B5_%D1%81%D0%BA%D0%B0%D0%B7%D0%BA%D0%B8_(%D0%90%D1%84%D0%B0%D0%BD%D0%B0%D1%81%D1%8C%D0%B5%D0%B2)/%D0%92%D0%B0%D1%81%D0%B8%D0%BB%D0%B8%D1%81%D0%B0_%D0%9F%D1%80%D0%B5%D0%BA%D1%80%D0%B0%D1%81%D0%BD%D0%B0%D1%8F
494;А.;С.;Грин;Зелёная лампа;0;1;ru.wikisource.org/wiki/%D0%97%D0%B5%D0%BB%D1%91%D0%BD%D0%B0%D1%8F_%D0%BB%D0%B0%D0%BC%D0%BF%D0%B0_(%D0%93%D1%80%D0%B8%D0%BD)
495;И.;В.;Гёте;Фауст;0;1;ru.wikisource.org/wiki/%D0%A4%D0%B0%D1%83%D1%81%D1%82
496;Дж.;;Даррел;Говорящий свёрток;0;1;ru.wikisource.org/wiki/%D0%A1%D0%BE%D0%BD%D1%8F_%D0%B2_%D1%86%D0%B0%D1%80%D1%81%D1%82%D0%B2%D0%B5_%D0%B4%D0%B8%D0%B2%D0%B0_(%D0%9A%D1%8D%D1%80%D1%80%D0%BE%D0%BB%D0%BB)/1879_(%D0%94%D0%9E)
497;Гюстав;;Флобер;Саламбо;0;1;
498;И.;;Северянин;В парке плакала девочка;0;1;ru.wikisource.orghttps://wikilivres.org/wiki/%D0%A2%D0%B5%D0%BB%D0%B5%D0%B3%D1%80%D0%B0%D0%BC%D0%BC%D0%B0_(%D0%9F%D0%B0%D1%83%D1%81%D1%82%D0%BE%D0%B2%D1%81%D0%BA%D0%B8%D0%B9)
499;И.;;Северянин;Что шепчет парк;0;1;ru.wikisource.orghttps://wikilivres.org/wiki/%D0%A2%D0%B5%D0%BB%D0%B5%D0%B3%D1%80%D0%B0%D0%BC%D0%BC%D0%B0_(%D0%9F%D0%B0%D1%83%D1%81%D1%82%D0%BE%D0%B2%D1%81%D0%BA%D0%B8%D0%B9)
500;Викентий;;Вересаев;В тупике;0;1;
501;Исаак;;Бабель;Конармия;0;1;
502;Оноре де Бальзак;;;Человеческая комедия;0;1;
503;Н.;М.;Языков;Ау!;0;1;ru.wikisource.org/wiki/%D0%90%D1%83!
504;Н.;М.;Языков;Пловец;0;1;ru.wikisource.org/wiki/%D0%9F%D0%BB%D0%BE%D0%B2%D0%B5%D1%86
505;Вс.;;Иванов;Бронепоезд 14-69;0;1;
506;А.;В.;Кольцов;Косарь;0;1;ru.wikisource.org/wiki/%D0%9A%D0%BE%D1%81%D0%B0%D1%80%D1%8C_(%D0%9A%D0%BE%D0%BB%D1%8C%D1%86%D0%BE%D0%B2)
507;А.;В.;Кольцов;Разлука;0;1;ru.wikisource.org/wiki/%D0%A0%D0%B0%D0%B7%D0%BB%D1%83%D0%BA%D0%B0_(%D0%9A%D0%BE%D0%BB%D1%8C%D1%86%D0%BE%D0%B2)
508;Р.;П.;Погодин;Тишина;0;1;
509;Р.;П.;Погодин;Дубравка;0;1;
510;Б.;;Лавренев;Ветер;0;1;
511;А.;В.;Дружинин;Обломов, роман И. А. Гончарова (Гончаров);0;1;ru.wikisource.org/wiki/%D0%91%D0%B0%D0%B7%D0%B0%D1%80%D0%BE%D0%B2
512;Александр;;Фадеев;Разгром;0;1;
513;Древнерусская;;литература;Повесть временных лет (фрагменты);0;1;ru.wikisource.org/wiki/%D0%9F%D0%BE%D0%B2%D0%B5%D1%81%D1%82%D1%8C_%D0%B2%D1%80%D0%B5%D0%BC%D0%B5%D0%BD%D0%BD%D1%8B%D1%85_%D0%BB%D0%B5%D1%82
514;Древнерусская;;литература;Слово о разорении Рязани Батыем (фрагменты);0;1;ru.wikisource.org/wiki/%D0%9F%D0%BE%D0%B2%D0%B5%D1%81%D1%82%D1%8C_%D0%B2%D1%80%D0%B5%D0%BC%D0%B5%D0%BD%D0%BD%D1%8B%D1%85_%D0%BB%D0%B5%D1%82
515;Древнерусская;;литература;Житие Бориса и Глеба;0;1;ru.wikisource.org/wiki/%D0%9F%D0%BE%D0%B2%D0%B5%D1%81%D1%82%D1%8C_%D0%B2%D1%80%D0%B5%D0%BC%D0%B5%D0%BD%D0%BD%D1%8B%D1%85_%D0%BB%D0%B5%D1%82
516;Древнерусская;;литература;Поучение Владимира Мономаха;0;1;ru.wikisource.org/wiki/%D0%9F%D0%BE%D1%83%D1%87%D0%B5%D0%BD%D0%B8%D0%B5_%D0%92%D0%BB%D0%B0%D0%B4%D0%B8%D0%BC%D0%B8%D1%80%D0%B0_%D0%9C%D0%BE%D0%BD%D0%BE%D0%BC%D0%B0%D1%85%D0%B0
517;Древнерусская;;литература;Сказание о Петре и Февронии Муромских;0;1;ru.wikisource.org/wiki/%D0%9F%D0%BE%D1%83%D1%87%D0%B5%D0%BD%D0%B8%D0%B5_%D0%92%D0%BB%D0%B0%D0%B4%D0%B8%D0%BC%D0%B8%D1%80%D0%B0_%D0%9C%D0%BE%D0%BD%D0%BE%D0%BC%D0%B0%D1%85%D0%B0
518;Древнерусская;;литература;Житие протопопа Аввакума;0;1;ru.wikisource.org/wiki/%D0%96%D0%B8%D1%82%D0%B8%D0%B5_%D0%BF%D1%80%D0%BE%D1%82%D0%BE%D0%BF%D0%BE%D0%BF%D0%B0_%D0%90%D0%B2%D0%B2%D0%B0%D0%BA%D1%83%D0%BC%D0%B0
519;Древнерусская;;литература;Сказание о Кожемяке;0;1;ru.wikisource.org/wiki/%D0%96%D0%B8%D1%82%D0%B8%D0%B5_%D0%BF%D1%80%D0%BE%D1%82%D0%BE%D0%BF%D0%BE%D0%BF%D0%B0_%D0%90%D0%B2%D0%B2%D0%B0%D0%BA%D1%83%D0%BC%D0%B0
520;Древнерусская;;литература;Сказание о Белгородском киселе;0;1;ru.wikisource.org/wiki/%D0%96%D0%B8%D1%82%D0%B8%D0%B5_%D0%BF%D1%80%D0%BE%D1%82%D0%BE%D0%BF%D0%BE%D0%BF%D0%B0_%D0%90%D0%B2%D0%B2%D0%B0%D0%BA%D1%83%D0%BC%D0%B0
521;Древнерусская;;литература;Преподобный Сергий Радонежский (фрагменты очерка Б. Зайцева);0;1;ru.wikisource.org/wiki/%D0%96%D0%B8%D1%82%D0%B8%D0%B5_%D0%BF%D1%80%D0%BE%D1%82%D0%BE%D0%BF%D0%BE%D0%BF%D0%B0_%D0%90%D0%B2%D0%B2%D0%B0%D0%BA%D1%83%D0%BC%D0%B0
522;В.;;Розов;В добрый час!;0;1;
523;В.;;Розов;Гнездо глухаря;0;1;
524;Е.;И.;Замятин;Мы;0;1;ru.wikisource.org/wiki/%D0%9C%D1%8B_(%D0%97%D0%B0%D0%BC%D1%8F%D1%82%D0%B8%D0%BD)
525;Е.;И.;Замятин;Огненное А;0;1;ru.wikisource.org/wiki/%D0%9C%D1%8B_(%D0%97%D0%B0%D0%BC%D1%8F%D1%82%D0%B8%D0%BD)
526;Аркадий;;Аверченко;Дюжина ножей в спину революции;0;1;ru.wikisource.org/wiki/%D0%94%D1%8E%D0%B6%D0%B8%D0%BD%D0%B0_%D0%BD%D0%BE%D0%B6%D0%B5%D0%B9_%D0%B2_%D1%81%D0%BF%D0%B8%D0%BD%D1%83_%D1%80%D0%B5%D0%B2%D0%BE%D0%BB%D1%8E%D1%86%D0%B8%D0%B8_(%D0%90%D0%B2%D0%B5%D1%80%D1%87%D0%B5%D0%BD%D0%BA%D0%BE)
527;Аркадий;;Аверченко;Смерть африканского охотника;0;1;ru.wikisource.org/wiki/%D0%A1%D0%BC%D0%B5%D1%80%D1%82%D1%8C_%D0%B0%D1%84%D1%80%D0%B8%D0%BA%D0%B0%D0%BD%D1%81%D0%BA%D0%BE%D0%B3%D0%BE_%D0%BE%D1%85%D0%BE%D1%82%D0%BD%D0%B8%D0%BA%D0%B0_(%D0%90%D0%B2%D0%B5%D1%80%D1%87%D0%B5%D0%BD%D0%BA%D0%BE)
528;А.;М.;Ремизов;Змей;0;1;
529;Мифы древних славян;;;Сотворение земли;0;1;ru.wikisource.org/wiki/%D0%A1%D0%B0%D0%B4%D0%BA%D0%BE
530;Дж.;Г.;Байрон;Ты кончил жизнь в пути, герой!..;0;1;ru.wikisource.org/wiki/%D0%A4%D0%B0%D1%83%D1%81%D1%82
531;Дж.;Г.;Байрон;Лирика;0;1;
532;М.;;Сервантес;Дон Кихот (главы);0;1;ru.wikisource.org/wiki/%D0%93%D0%B0%D0%BC%D0%BB%D0%B5%D1%82
533;М.;И.;Цветаева;Книги в красном переплете;0;1;ru.wikisource.org/wiki/%D0%9A%D0%BD%D0%B8%D0%B3%D0%B8_%D0%B2_%D0%BA%D1%80%D0%B0%D1%81%D0%BD%D0%BE%D0%BC_%D0%BF%D0%B5%D1%80%D0%B5%D0%BF%D0%BB%D0%B5%D1%82%D0%B5
534;М.;И.;Цветаева;Моим стихам, написанным так рано;0;1;ru.wikisource.org/wiki/%D0%9C%D0%BE%D0%B8%D0%BC_%D1%81%D1%82%D0%B8%D1%85%D0%B0%D0%BC,_%D0%BD%D0%B0%D0%BF%D0%B8%D1%81%D0%B0%D0%BD%D0%BD%D1%8B%D0%BC_%D1%82%D0%B0%D0%BA_%D1%80%D0%B0%D0%BD%D0%BE
535;М.;И.;Цветаева;Идёшь, на меня похожий;0;1;ru.wikisource.org/wiki/%D0%98%D0%B4%D1%91%D1%88%D1%8C,_%D0%BD%D0%B0_%D0%BC%D0%B5%D0%BD%D1%8F_%D0%BF%D0%BE%D1%85%D0%BE%D0%B6%D0%B8%D0%B9
536;М.;И.;Цветаева;Бабушке;0;1;ru.wikisource.org/wiki/%D0%91%D0%B0%D0%B1%D1%83%D1%88%D0%BA%D0%B5
537;М.;И.;Цветаева;С большою нежностью;0;1;ru.wikisource.org/wiki/%D0%A1_%D0%B1%D0%BE%D0%BB%D1%8C%D1%88%D0%BE%D1%8E_%D0%BD%D0%B5%D0%B6%D0%BD%D0%BE%D1%81%D1%82%D1%8C%D1%8E
538;М.;И.;Цветаева;Стихи о Москве;0;1;ru.wikisource.org/wiki/%D0%A1%D1%82%D0%B8%D1%85%D0%B8_%D0%BE_%D0%9C%D0%BE%D1%81%D0%BA%D0%B2%D0%B5
539;М.;И.;Цветаева;Родина;0;1;ru.wikisource.org/wiki/%D0%A0%D0%BE%D0%B4%D0%B8%D0%BD%D0%B0_(%D0%A6%D0%B2%D0%B5%D1%82%D0%B0%D0%B5%D0%B2%D0%B0)
540;М.;И.;Цветаева;Мне нравится, что вы больны не мною;0;1;ru.wikisource.org/wiki/%D0%9C%D0%BD%D0%B5_%D0%BD%D1%80%D0%B0%D0%B2%D0%B8%D1%82%D1%81%D1%8F,_%D1%87%D1%82%D0%BE_%D0%B2%D1%8B_%D0%B1%D0%BE%D0%BB%D1%8C%D0%BD%D1%8B_%D0%BD%D0%B5_%D0%BC%D0%BD%D0%BE%D1%8E
541;М.;И.;Цветаева;Откуда такая нежность?;0;1;ru.wikisource.org/wiki/%D0%9E%D1%82%D0%BA%D1%83%D0%B4%D0%B0_%D1%82%D0%B0%D0%BA%D0%B0%D1%8F_%D0%BD%D0%B5%D0%B6%D0%BD%D0%BE%D1%81%D1%82%D1%8C%3F
542;М.;И.;Цветаева;Стихи к Блоку;0;1;ru.wikisource.org/wiki/%D0%A1%D1%82%D0%B8%D1%85%D0%B8_%D0%BA_%D0%91%D0%BB%D0%BE%D0%BA%D1%83
543;М.;И.;Цветаева;Из цикла Ахматовой;0;1;ru.wikisource.org/wiki/%D0%90%D1%85%D0%BC%D0%B0%D1%82%D0%BE%D0%B2%D0%BE%D0%B9_(%D0%A6%D0%B2%D0%B5%D1%82%D0%B0%D0%B5%D0%B2%D0%B0)
544;Библия;;;Библия для детей;0;1;
545;Библия;;;Новый завет;0;1;ru.wikisource.org/wiki/%D0%9D%D0%BE%D0%B2%D1%8B%D0%B9_%D0%B7%D0%B0%D0%B2%D0%B5%D1%82
546;М.;В.;Ломоносов;Ода на день восшествия на престол Елисаветы Петровны;0;1;ru.wikisource.org/wiki/%D0%9E%D0%B4%D0%B0_%D0%BD%D0%B0_%D0%B4%D0%B5%D0%BD%D1%8C_%D0%B2%D0%BE%D1%81%D1%88%D0%B5%D1%81%D1%82%D0%B2%D0%B8%D1%8F_%D0%BD%D0%B0_%D0%BF%D1%80%D0%B5%D1%81%D1%82%D0%BE%D0%BB_%D0%95%D0%BB%D0%B8%D1%81%D0%B0%D0%B2%D0%B5%D1%82%D1%8B_%D0%9F%D0%B5%D1%82%D1%80%D0%BE%D0%B2%D0%BD%D1%8B
547;М.;В.;Ломоносов;Вечернее размышление о Божием величестве при случае великого северного сияния;0;1;ru.wikisource.org/wiki/%D0%92%D0%B5%D1%87%D0%B5%D1%80%D0%BD%D0%B5%D0%B5_%D1%80%D0%B0%D0%B7%D0%BC%D1%8B%D1%88%D0%BB%D0%B5%D0%BD%D0%B8%D0%B5_%D0%BE_%D0%91%D0%BE%D0%B6%D0%B8%D0%B5%D0%BC_%D0%B2%D0%B5%D0%BB%D0%B8%D1%87%D0%B5%D1%81%D1%82%D0%B2%D0%B5_%D0%BF%D1%80%D0%B8_%D1%81%D0%BB%D1%83%D1%87%D0%B0%D0%B5_%D0%B2%D0%B5%D0%BB%D0%B8%D0%BA%D0%BE%D0%B3%D0%BE_%D1%81%D0%B5%D0%B2%D0%B5%D1%80%D0%BD%D0%BE%D0%B3%D0%BE_%D1%81%D0%B8%D1%8F%D0%BD%D0%B8%D1%8F
548;М.;В.;Ломоносов;Разговор с Анакреонтом;0;1;ru.wikisource.org/wiki/%D0%A0%D0%B0%D0%B7%D0%B3%D0%BE%D0%B2%D0%BE%D1%80_%D1%81_%D0%90%D0%BD%D0%B0%D0%BA%D1%80%D0%B5%D0%BE%D0%BD%D1%82%D0%BE%D0%BC
549;М.;В.;Ломоносов;Случились вместе два астронома в пиру;0;1;ru.wikisource.org/wiki/%D0%A1%D0%BB%D1%83%D1%87%D0%B8%D0%BB%D0%B8%D1%81%D1%8C_%D0%B2%D0%BC%D0%B5%D1%81%D1%82%D0%B5_%D0%B4%D0%B2%D0%B0_%D0%B0%D1%81%D1%82%D1%80%D0%BE%D0%BD%D0%BE%D0%BC%D0%B0_%D0%B2_%D0%BF%D0%B8%D1%80%D1%83
550;М.;В.;Ломоносов;К статуе Петра Великого;0;1;ru.wikisource.org/wiki/%D0%9A_%D1%81%D1%82%D0%B0%D1%82%D1%83%D0%B5_%D0%9F%D0%B5%D1%82%D1%80%D0%B0_%D0%92%D0%B5%D0%BB%D0%B8%D0%BA%D0%BE%D0%B3%D0%BE
551;К.;Г.;Паустовский;Рождение сказки (?);0;1;
552;К.;Г.;Паустовский;Тёплый хлеб;0;1;ru.wikisource.orghttps://wikilivres.org/wiki/%D0%A2%D1%91%D0%BF%D0%BB%D1%8B%D0%B9_%D1%85%D0%BB%D0%B5%D0%B1_(%D0%9F%D0%B0%D1%83%D1%81%D1%82%D0%BE%D0%B2%D1%81%D0%BA%D0%B8%D0%B9)
553;К.;Г.;Паустовский;Телеграмма;0;1;ru.wikisource.orghttps://wikilivres.org/wiki/%D0%A2%D0%B5%D0%BB%D0%B5%D0%B3%D1%80%D0%B0%D0%BC%D0%BC%D0%B0_(%D0%9F%D0%B0%D1%83%D1%81%D1%82%D0%BE%D0%B2%D1%81%D0%BA%D0%B8%D0%B9)
554;Г. X. Андерсен;;;Соловей;0;1;"ru.wikisource.org/wiki/%D0%A1%D0%BE%D0%BB%D0%BE%D0%B2%D0%B5%D0%B9_(%D0%90%D0%BD%D0%B4%D0%B5%D1%80%D1%81%D0%B5%D0%BD;_%D0%93%D0%B0%D0%BD%D0%B7%D0%B5%D0%BD)"
555;Л.;;Кэрролл;"Алиса в стране чудес
Соня въ царствѣ дива (переводчик неизвестен, 1879 г., дореформенная орфография)
Аня в стране чудес (перевод В. Набокова)";0;1;ru.wikisource.org/wiki/%D0%90%D0%BB%D0%B8%D1%81%D0%B0_%D0%B2_%D1%81%D1%82%D1%80%D0%B0%D0%BD%D0%B5_%D1%87%D1%83%D0%B4%D0%B5%D1%81
556;Л.;;Кэрролл;Соня въ царствѣ дива (переводчик неизвестен, 1879 г., дореформенная орфография);0;1;ru.wikisource.org/wiki/%D0%A1%D0%BE%D0%BD%D1%8F_%D0%B2_%D1%86%D0%B0%D1%80%D1%81%D1%82%D0%B2%D0%B5_%D0%B4%D0%B8%D0%B2%D0%B0_(%D0%9A%D1%8D%D1%80%D1%80%D0%BE%D0%BB%D0%BB)/1879_(%D0%94%D0%9E)
557;Л.;;Кэрролл;Аня в стране чудес (перевод В. Набокова);0;1;ru.wikisource.org/wiki/%D0%A1%D0%BE%D0%BD%D1%8F_%D0%B2_%D1%86%D0%B0%D1%80%D1%81%D1%82%D0%B2%D0%B5_%D0%B4%D0%B8%D0%B2%D0%B0_(%D0%9A%D1%8D%D1%80%D1%80%D0%BE%D0%BB%D0%BB)/1879_(%D0%94%D0%9E)
558;Чингиз;;Айтматов;И дольше века длится день…;0;1;
559;Чингиз;;Айтматов;Плаха;0;1;
560;Э.;А.;По;Лягушонок;0;1;ru.wikisource.org/wiki/%D0%9B%D1%8F%D0%B3%D1%83%D1%88%D0%BE%D0%BD%D0%BE%D0%BA
561;А.;Н.;Майков;Рассвет;0;1;ru.wikisource.org/wiki/%D0%A0%D0%B0%D1%81%D1%81%D0%B2%D0%B5%D1%82_(%D0%9C%D0%B0%D0%B9%D0%BA%D0%BE%D0%B2)
562;А.;Н.;Майков;Осень;0;1;ru.wikisource.org/wiki/%D0%9E%D1%81%D0%B5%D0%BD%D1%8C_(%D0%9C%D0%B0%D0%B9%D0%BA%D0%BE%D0%B2)
563;А.;Н.;Майков;Пейзаж;0;1;ru.wikisource.org/wiki/%D0%9F%D0%B5%D0%B9%D0%B7%D0%B0%D0%B6_(%D0%9C%D0%B0%D0%B9%D0%BA%D0%BE%D0%B2)
564;И.;А.;Крылов;Ворона и Лисица;0;1;ru.wikisource.org/wiki/%D0%92%D0%BE%D1%80%D0%BE%D0%BD%D0%B0_%D0%B8_%D0%9B%D0%B8%D1%81%D0%B8%D1%86%D0%B0_(%D0%9A%D1%80%D1%8B%D0%BB%D0%BE%D0%B2)
565;И.;А.;Крылов;Квартет;0;1;ru.wikisource.org/wiki/%D0%9A%D0%B2%D0%B0%D1%80%D1%82%D0%B5%D1%82
566;И.;А.;Крылов;Лебедь, рак и щука;0;1;ru.wikisource.org/wiki/%D0%9B%D0%B5%D0%B1%D0%B5%D0%B4%D1%8C,_%D0%A9%D1%83%D0%BA%D0%B0_%D0%B8_%D0%A0%D0%B0%D0%BA_(%D0%9A%D1%80%D1%8B%D0%BB%D0%BE%D0%B2)
567;И.;А.;Крылов;Свинья под дубом;0;1;ru.wikisource.org/wiki/%D0%A1%D0%B2%D0%B8%D0%BD%D1%8C%D1%8F_%D0%BF%D0%BE%D0%B4_%D0%B4%D1%83%D0%B1%D0%BE%D0%BC
568;И.;А.;Крылов;Волк и Ягнёнок;0;1;ru.wikisource.org/wiki/%D0%92%D0%BE%D0%BB%D0%BA_%D0%B8_%D0%AF%D0%B3%D0%BD%D1%91%D0%BD%D0%BE%D0%BA_(%D0%9A%D1%80%D1%8B%D0%BB%D0%BE%D0%B2)
569;И.;А.;Крылов;Демьянова уха;0;1;ru.wikisource.org/wiki/%D0%94%D0%B5%D0%BC%D1%8C%D1%8F%D0%BD%D0%BE%D0%B2%D0%B0_%D1%83%D1%85%D0%B0
570;И.;А.;Крылов;Лжец;0;1;ru.wikisource.org/wiki/%D0%9B%D0%B6%D0%B5%D1%86
571;И.;А.;Крылов;Любопытный;0;1;ru.wikisource.org/wiki/%D0%9B%D1%8E%D0%B1%D0%BE%D0%BF%D1%8B%D1%82%D0%BD%D1%8B%D0%B9_(%D0%9A%D1%80%D1%8B%D0%BB%D0%BE%D0%B2)
572;И.;А.;Крылов;Две бочки;0;1;ru.wikisource.org/wiki/%D0%94%D0%B2%D0%B5_%D0%B1%D0%BE%D1%87%D0%BA%D0%B8
573;И.;А.;Крылов;Волк на псарне;0;1;ru.wikisource.org/wiki/%D0%92%D0%BE%D0%BB%D0%BA_%D0%BD%D0%B0_%D0%BF%D1%81%D0%B0%D1%80%D0%BD%D0%B5
574;И.;А.;Крылов;Осёл и соловей;0;1;ru.wikisource.org/wiki/%D0%9E%D1%81%D1%91%D0%BB_%D0%B8_%D1%81%D0%BE%D0%BB%D0%BE%D0%B2%D0%B5%D0%B9
575;И.;А.;Крылов;Лягушки, просящие царя;0;1;ru.wikisource.org/wiki/%D0%9B%D1%8F%D0%B3%D1%83%D1%88%D0%BA%D0%B8,_%D0%BF%D1%80%D0%BE%D1%81%D1%8F%D1%89%D0%B8%D0%B5_%D1%86%D0%B0%D1%80%D1%8F
576;И.;А.;Крылов;Слон и Моська;0;1;ru.wikisource.org/wiki/%D0%A1%D0%BB%D0%BE%D0%BD_%D0%B8_%D0%9C%D0%BE%D1%81%D1%8C%D0%BA%D0%B0
577;И.;А.;Крылов;Петух и Жемчужное зерно;0;1;ru.wikisource.org/wiki/%D0%9F%D0%B5%D1%82%D1%83%D1%85_%D0%B8_%D0%96%D0%B5%D0%BC%D1%87%D1%83%D0%B6%D0%BD%D0%BE%D0%B5_%D0%B7%D0%B5%D1%80%D0%BD%D0%BE
578;В.;;Белинский;Сочинения Александра Пушкина (Пушкин);0;1;ru.wikisource.org/wiki/%D0%A1%D0%BE%D0%BD%D1%8F_%D0%B2_%D1%86%D0%B0%D1%80%D1%81%D1%82%D0%B2%D0%B5_%D0%B4%D0%B8%D0%B2%D0%B0_(%D0%9A%D1%8D%D1%80%D1%80%D0%BE%D0%BB%D0%BB)/1879_(%D0%94%D0%9E)
579;В.;;Белинский;Стихотворения М. Лермонтова (Лермонтов);0;1;ru.wikisource.org/wiki/%D0%A1%D0%BE%D0%BD%D1%8F_%D0%B2_%D1%86%D0%B0%D1%80%D1%81%D1%82%D0%B2%D0%B5_%D0%B4%D0%B8%D0%B2%D0%B0_(%D0%9A%D1%8D%D1%80%D1%80%D0%BE%D0%BB%D0%BB)/1879_(%D0%94%D0%9E)
580;В.;;Белинский;Герой нашего времени. Сочинение М.Ю.Лермонтова (Лермонтов);0;1;ru.wikisource.org/wiki/%D0%93%D0%B5%D1%80%D0%BE%D0%B9_%D0%BD%D0%B0%D1%88%D0%B5%D0%B3%D0%BE_%D0%B2%D1%80%D0%B5%D0%BC%D0%B5%D0%BD%D0%B8._%D0%A1%D0%BE%D1%87%D0%B8%D0%BD%D0%B5%D0%BD%D0%B8%D0%B5_%D0%9C.%D0%AE.%D0%9B%D0%B5%D1%80%D0%BC%D0%BE%D0%BD%D1%82%D0%BE%D0%B2%D0%B0
581;И.;С.;Никитин;Русь;0;1;ru.wikisource.org/wiki/%D0%A0%D1%83%D1%81%D1%8C_(%D0%9D%D0%B8%D0%BA%D0%B8%D1%82%D0%B8%D0%BD)
582;И.;С.;Никитин;Утро;0;1;ru.wikisource.org/wiki/%D0%A3%D1%82%D1%80%D0%BE_(%D0%9D%D0%B8%D0%BA%D0%B8%D1%82%D0%B8%D0%BD)
583;И.;С.;Никитин;Встреча зимы;0;1;ru.wikisource.org/wiki/%D0%92%D1%81%D1%82%D1%80%D0%B5%D1%87%D0%B0_%D0%B7%D0%B8%D0%BC%D1%8B
584;И.;С.;Никитин;Ярко звезд мерцанье;0;1;ru.wikisource.org/wiki/%D0%AF%D1%80%D0%BA%D0%BE_%D0%B7%D0%B2%D0%B5%D0%B7%D0%B4_%D0%BC%D0%B5%D1%80%D1%86%D0%B0%D0%BD%D1%8C%D0%B5
585;И.;С.;Никитин;Лес;0;1;ru.wikisource.org/wiki/%D0%9B%D0%B5%D1%81_(%D0%9D%D0%B8%D0%BA%D0%B8%D1%82%D0%B8%D0%BD)
586;Б.;Л.;Пастернак;Доктор Живаго;0;1;
587;Устное народное творчество;;;Помню, я ещё младшенька была…;0;1;ru.wikisource.org/wiki/%D0%9F%D0%BE%D0%BC%D0%BD%D1%8E,_%D1%8F_%D0%B5%D1%89%D1%91_%D0%BC%D0%BB%D0%B0%D0%B4%D1%88%D0%B5%D0%BD%D1%8C%D0%BA%D0%B0_%D0%B1%D1%8B%D0%BB%D0%B0
588;Устное народное творчество;;;Ай вы, ветры, ветры буйные…;0;1;ru.wikisource.org/wiki/%D0%90%D0%B9_%D0%B2%D1%8B,_%D0%B2%D0%B5%D1%82%D1%80%D1%8B,_%D0%B2%D0%B5%D1%82%D1%80%D1%8B_%D0%B1%D1%83%D0%B9%D0%BD%D1%8B%D0%B5
589;Джеймс;;Олдридж;"Отец и сын (рассказ; по повести Последний дюйм (его же))";0;1;ru.wikisource.org/wiki/%D0%9E%D1%82%D0%B5%D1%86_%D0%B8_%D1%81%D1%8B%D0%BD
590;Ю.;Н.;Тынянов;Смерть Вазир-Мухтара;0;1;
591;Михаил;;Пришвин;Кладовая солнца;0;1;ru.wikisource.orghttps://wikilivres.org/wiki/%D0%9A%D0%BB%D0%B0%D0%B4%D0%BE%D0%B2%D0%B0%D1%8F_%D1%81%D0%BE%D0%BB%D0%BD%D1%86%D0%B0_(%D0%9F%D1%80%D0%B8%D1%88%D0%B2%D0%B8%D0%BD)
592;Даниэль;;Дефо;Робинзон Крузо;0;1;ru.wikisource.org/wiki/%D0%A0%D0%BE%D0%B1%D0%B8%D0%BD%D0%B7%D0%BE%D0%BD_%D0%9A%D1%80%D1%83%D0%B7%D0%BE
593;Г.;Р.;Державин;Властителям и судиям;0;1;ru.wikisource.org/wiki/%D0%92%D0%BB%D0%B0%D1%81%D1%82%D0%B8%D1%82%D0%B5%D0%BB%D1%8F%D0%BC_%D0%B8_%D1%81%D1%83%D0%B4%D0%B8%D1%8F%D0%BC
594;Г.;Р.;Державин;Снигирь;0;1;ru.wikisource.org/wiki/%D0%A1%D0%BD%D0%B8%D0%B3%D0%B8%D1%80%D1%8C
595;Г.;Р.;Державин;Признание;0;1;ru.wikisource.org/wiki/%D0%9F%D1%80%D0%B8%D0%B7%D0%BD%D0%B0%D0%BD%D0%B8%D0%B5_(%D0%94%D0%B5%D1%80%D0%B6%D0%B0%D0%B2%D0%B8%D0%BD)
596;Г.;Р.;Державин;На птичку;0;1;ru.wikisource.org/wiki/%D0%9D%D0%B0_%D0%BF%D1%82%D0%B8%D1%87%D0%BA%D1%83
597;Г.;Р.;Державин;Памятник;0;1;ru.wikisource.org/wiki/%D0%9F%D0%B0%D0%BC%D1%8F%D1%82%D0%BD%D0%B8%D0%BA_(%D0%94%D0%B5%D1%80%D0%B6%D0%B0%D0%B2%D0%B8%D0%BD)
598;Г.;Р.;Державин;Река времён в своём стремленьи;0;1;ru.wikisource.org/wiki/%D0%A0%D0%B5%D0%BA%D0%B0_%D0%B2%D1%80%D0%B5%D0%BC%D1%91%D0%BD_%D0%B2_%D1%81%D0%B2%D0%BE%D1%91%D0%BC_%D1%81%D1%82%D1%80%D0%B5%D0%BC%D0%BB%D0%B5%D0%BD%D1%8C%D0%B8
599;Дмитрий;;Фурманов;Чапаев;0;1;
600;Николай;;Заболоцкий;Не позволяй душе лениться…;0;1;
601;Николай;;Заболоцкий;Журавли;0;1;
602;Николай;;Заболоцкий;Одинокий дуб;0;1;
603;Николай;;Заболоцкий;Я не ищу гармонии в природе;0;1;
604;Николай;;Заболоцкий;О красоте человеческих лиц;0;1;
605;Николай;;Заболоцкий;Где-то в поле возле Магадана;0;1;
606;Николай;;Заболоцкий;Можжевеловый куст;0;1;
607;Николай;;Заболоцкий;Завещание;0;1;
608;Николай;;Заболоцкий;Я воспитан природой суровой;0;1;
615;В.;А.;Жуковский;Светлана;0;1;ru.wikisource.org/wiki/%D0%A1%D0%B2%D0%B5%D1%82%D0%BB%D0%B0%D0%BD%D0%B0_(%D0%96%D1%83%D0%BA%D0%BE%D0%B2%D1%81%D0%BA%D0%B8%D0%B9)
616;В.;А.;Жуковский;Кубок;0;1;"ru.wikisource.org/wiki/%D0%9A%D1%83%D0%B1%D0%BE%D0%BA_(%D0%A8%D0%B8%D0%BB%D0%BB%D0%B5%D1%80;_%D0%96%D1%83%D0%BA%D0%BE%D0%B2%D1%81%D0%BA%D0%B8%D0%B9)"
617;В.;А.;Жуковский;Спящая царевна;0;1;ru.wikisource.org/wiki/%D0%A1%D0%BF%D1%8F%D1%89%D0%B0%D1%8F_%D1%86%D0%B0%D1%80%D0%B5%D0%B2%D0%BD%D0%B0_(%D0%96%D1%83%D0%BA%D0%BE%D0%B2%D1%81%D0%BA%D0%B8%D0%B9)
618;В.;А.;Жуковский;Лесной царь;0;1;"ru.wikisource.org/wiki/%D0%9B%D0%B5%D1%81%D0%BD%D0%BE%D0%B9_%D1%86%D0%B0%D1%80%D1%8C_(%D0%93%D1%91%D1%82%D0%B5;_%D0%96%D1%83%D0%BA%D0%BE%D0%B2%D1%81%D0%BA%D0%B8%D0%B9)"
619;В.;А.;Жуковский;Перчатка;0;1;ru.wikisource.org/wiki/%D0%9F%D0%B5%D1%80%D1%87%D0%B0%D1%82%D0%BA%D0%B0_(%D0%96%D1%83%D0%BA%D0%BE%D0%B2%D1%81%D0%BA%D0%B8%D0%B9)
620;В.;А.;Жуковский;Сельское кладбище;0;1;"ru.wikisource.org/wiki/%D0%A1%D0%B5%D0%BB%D1%8C%D1%81%D0%BA%D0%BE%D0%B5_%D0%BA%D0%BB%D0%B0%D0%B4%D0%B1%D0%B8%D1%89%D0%B5_(%D0%93%D1%80%D0%B5%D0%B9;_%D0%96%D1%83%D0%BA%D0%BE%D0%B2%D1%81%D0%BA%D0%B8%D0%B9,_1839)"
621;В.;А.;Жуковский;Приход весны;0;1;ru.wikisource.org/wiki/%D0%9F%D1%80%D0%B8%D1%85%D0%BE%D0%B4_%D0%B2%D0%B5%D1%81%D0%BD%D1%8B_(%D0%96%D1%83%D0%BA%D0%BE%D0%B2%D1%81%D0%BA%D0%B8%D0%B9)
622;Дж.;;Родари;Приключения Чиполлино;0;1;ru.wikisource.org/wiki/%D0%A1%D0%BE%D0%BD%D1%8F_%D0%B2_%D1%86%D0%B0%D1%80%D1%81%D1%82%D0%B2%D0%B5_%D0%B4%D0%B8%D0%B2%D0%B0_(%D0%9A%D1%8D%D1%80%D1%80%D0%BE%D0%BB%D0%BB)/1879_(%D0%94%D0%9E)
623;Дж.;;Родари;Джельсомино в Стране Лжецов;0;1;ru.wikisource.org/wiki/%D0%A1%D0%BE%D0%BD%D1%8F_%D0%B2_%D1%86%D0%B0%D1%80%D1%81%D1%82%D0%B2%D0%B5_%D0%B4%D0%B8%D0%B2%D0%B0_(%D0%9A%D1%8D%D1%80%D1%80%D0%BE%D0%BB%D0%BB)/1879_(%D0%94%D0%9E)
624;Дж.;;Родари;Чем пахнут ремёсла;0;1;ru.wikisource.org/wiki/%D0%A1%D0%BE%D0%BD%D1%8F_%D0%B2_%D1%86%D0%B0%D1%80%D1%81%D1%82%D0%B2%D0%B5_%D0%B4%D0%B8%D0%B2%D0%B0_(%D0%9A%D1%8D%D1%80%D1%80%D0%BE%D0%BB%D0%BB)/1879_(%D0%94%D0%9E)
625;Н.;М.;Рубцов;Звезда полей;0;1;
626;Н.;М.;Рубцов;Тихая моя родина…;0;1;
627;Н.;М.;Рубцов;Посвящение другу;0;1;
628;Сказки;;;Тысяча и одна ночь;0;1;ru.wikisource.org/wiki/%D0%A2%D1%8B%D1%81%D1%8F%D1%87%D0%B0_%D0%B8_%D0%BE%D0%B4%D0%BD%D0%B0_%D0%BD%D0%BE%D1%87%D1%8C
629;Сказки;;;Путешествие Синдбада-морехода;0;1;ru.wikisource.org/wiki/%D0%A2%D1%8B%D1%81%D1%8F%D1%87%D0%B0_%D0%B8_%D0%BE%D0%B4%D0%BD%D0%B0_%D0%BD%D0%BE%D1%87%D1%8C
630;Д.;И.;Писарев;Обломов (Гончаров);0;1;ru.wikisource.org/wiki/%D0%A0%D0%BE%D0%BC%D0%B0%D0%BD_%D0%98._%D0%90._%D0%93%D0%BE%D0%BD%D1%87%D0%B0%D1%80%D0%BE%D0%B2%D0%B0_%C2%AB%D0%9E%D0%B1%D0%BB%D0%BE%D0%BC%D0%BE%D0%B2%C2%BB_(%D0%9F%D0%B8%D1%81%D0%B0%D1%80%D0%B5%D0%B2)
631;Д.;И.;Писарев;Базаров (Тургенев);0;1;ru.wikisource.org/wiki/%D0%91%D0%B0%D0%B7%D0%B0%D1%80%D0%BE%D0%B2
632;Н.;А.;Добролюбов;Луч света в тёмном царстве (Островский);0;1;ru.wikisource.org/wiki/%D0%93%D0%B5%D1%80%D0%BE%D0%B9_%D0%BD%D0%B0%D1%88%D0%B5%D0%B3%D0%BE_%D0%B2%D1%80%D0%B5%D0%BC%D0%B5%D0%BD%D0%B8._%D0%A1%D0%BE%D1%87%D0%B8%D0%BD%D0%B5%D0%BD%D0%B8%D0%B5_%D0%9C.%D0%AE.%D0%9B%D0%B5%D1%80%D0%BC%D0%BE%D0%BD%D1%82%D0%BE%D0%B2%D0%B0
633;Н.;А.;Добролюбов;Что такое обломовщина? (Гончаров);0;1;ru.wikisource.org/wiki/%D0%93%D0%B5%D1%80%D0%BE%D0%B9_%D0%BD%D0%B0%D1%88%D0%B5%D0%B3%D0%BE_%D0%B2%D1%80%D0%B5%D0%BC%D0%B5%D0%BD%D0%B8._%D0%A1%D0%BE%D1%87%D0%B8%D0%BD%D0%B5%D0%BD%D0%B8%D0%B5_%D0%9C.%D0%AE.%D0%9B%D0%B5%D1%80%D0%BC%D0%BE%D0%BD%D1%82%D0%BE%D0%B2%D0%B0
634;Исторические;;песни;Ермак готовится к походу на Сибирь;0;1;ru.wikisource.org/wiki/%D0%95%D1%80%D0%BC%D0%B0%D0%BA_%D0%B3%D0%BE%D1%82%D0%BE%D0%B2%D0%B8%D1%82%D1%81%D1%8F_%D0%BA_%D0%BF%D0%BE%D1%85%D0%BE%D0%B4%D1%83_%D0%BD%D0%B0_%D0%A1%D0%B8%D0%B1%D0%B8%D1%80%D1%8C
635;Исторические;;песни;Пугачёв в темнице;0;1;ru.wikisource.org/wiki/%D0%9F%D1%83%D0%B3%D0%B0%D1%87%D1%91%D0%B2_%D0%B2_%D1%82%D0%B5%D0%BC%D0%BD%D0%B8%D1%86%D0%B5
638;Михаил;;Зощенко;Великие путешественники;0;1;
639;Михаил;;Зощенко;Галоша;0;1;
640;Михаил;;Зощенко;Встреча;0;1;
641;Михаил;;Зощенко;Монтёр;0;1;
642;Р.;Р.;Толкин;Хоббит, или Туда и обратно;0;1;ru.wikisource.org/wiki/%D0%A1%D0%BE%D0%BD%D1%8F_%D0%B2_%D1%86%D0%B0%D1%80%D1%81%D1%82%D0%B2%D0%B5_%D0%B4%D0%B8%D0%B2%D0%B0_(%D0%9A%D1%8D%D1%80%D1%80%D0%BE%D0%BB%D0%BB)/1879_(%D0%94%D0%9E)
643;Анна;;Ахматова;Реквием;0;1;
644;Анна;;Ахматова;Мужество;0;1;
645;Анна;;Ахматова;А там мой мраморный двойник;0;1;
646;Анна;;Ахматова;Стихи о Петербурге;0;1;
647;Анна;;Ахматова;Песня о песне;0;1;
648;Анна;;Ахматова;Молитва;0;1;
649;Анна;;Ахматова;Сразу стало тихо в доме;0;1;
650;Анна;;Ахматова;Я спросила у кукушки;0;1;
651;Анна;;Ахматова;Мне голос был;0;1;
652;Анна;;Ахматова;Дальний глас;0;1;
653;Анна;;Ахматова;Муза;0;1;
654;Анна;;Ахматова;Двустишие;0;1;
655;Анна;;Ахматова;Пушкин;0;1;
656;Анна;;Ахматова;Перед весной бывают дни такие…;0;1;
657;Анна;;Ахматова;Клятва;0;1;
658;Анна;;Ахматова;Песня мира;0;1;
659;Анна;;Ахматова;Сероглазый король;0;1;
660;Анна;;Ахматова;Из книги „Четки“;0;1;
661;Анна;;Ахматова;Из книги „Белая стая“;0;1;
662;Анна;;Ахматова;Из книги „Вечер“;0;1;
663;Анна;;Ахматова;Из книги „Подорожник“;0;1;
664;Анна;;Ахматова;Из книги „ANNO DOMINI“;0;1;
665;Анна;;Ахматова;Из книги „Тростник“;0;1;
666;Анна;;Ахматова;Ветер войны;0;1;
667;Анна;;Ахматова;Не с теми я, кто бросил землю;0;1;
668;Анна;;Ахматова;Что ты бродишь неприкаянный…;0;1;
669;Анна;;Ахматова;И упало каменное слово;0;1;
670;О.;;Генри;Дары волхвов;0;1;ru.wikisource.org/wiki/%D0%9E%D1%82%D0%B5%D1%86_%D0%B8_%D1%81%D1%8B%D0%BD
671;И.;С.;Шмелёв;Мартовская капель;0;1;
672;И.;С.;Шмелёв;Как я встречался с Чеховым;0;1;
673;И.;С.;Шмелёв;За карасями;0;1;
674;К.;Д.;Бальмонт;У чудищ;0;1;ru.wikisource.org/wiki/%D0%A3_%D1%87%D1%83%D0%B4%D0%B8%D1%89_(%D0%91%D0%B0%D0%BB%D1%8C%D0%BC%D0%BE%D0%BD%D1%82)
675;К.;Д.;Бальмонт;Осень — несколько стихотворений с таким названием;0;1;ru.wikisource.org/wiki/%D0%9E%D1%81%D0%B5%D0%BD%D1%8C
676;К.;Д.;Бальмонт;Снежинка;0;1;ru.wikisource.org/wiki/%D0%A1%D0%BD%D0%B5%D0%B6%D0%B8%D0%BD%D0%BA%D0%B0_(%D0%91%D0%B0%D0%BB%D1%8C%D0%BC%D0%BE%D0%BD%D1%82)
677;К.;Д.;Бальмонт;Золотая рыбка;0;1;ru.wikisource.org/wiki/%D0%97%D0%BE%D0%BB%D0%BE%D1%82%D0%B0%D1%8F_%D1%80%D1%8B%D0%B1%D0%BA%D0%B0_(%D0%91%D0%B0%D0%BB%D1%8C%D0%BC%D0%BE%D0%BD%D1%82)
678;К.;;Булычёв;Заповедник сказок;0;1;
679;К.;;Булычёв;Когда мне было 12 лет;0;1;
680;Р.;;Бернс;Честная бедность;0;1;ru.wikisource.org/wiki/%D0%93%D0%B0%D0%BC%D0%BB%D0%B5%D1%82
681;Былины;;;Вольга и Микула Селянович;0;1;ru.wikisource.org/wiki/%D0%92%D0%BE%D0%BB%D1%8C%D0%B3%D0%B0_%D0%B8_%D0%9C%D0%B8%D0%BA%D1%83%D0%BB%D0%B0_%D0%A1%D0%B5%D0%BB%D1%8F%D0%BD%D0%BE%D0%B2%D0%B8%D1%87
682;Былины;;;Илья Муромец и Соловей-разбойник;0;1;ru.wikisource.org/wiki/%D0%98%D0%BB%D1%8C%D1%8F_%D0%9C%D1%83%D1%80%D0%BE%D0%BC%D0%B5%D1%86_%D0%B8_%D0%A1%D0%BE%D0%BB%D0%BE%D0%B2%D0%B5%D0%B9-%D1%80%D0%B0%D0%B7%D0%B1%D0%BE%D0%B9%D0%BD%D0%B8%D0%BA
683;Былины;;;Садко;0;1;ru.wikisource.org/wiki/%D0%A1%D0%B0%D0%B4%D0%BA%D0%BE
684;Былины;;;Три поездки Ильи Муромца (прозаический пересказ);0;1;ru.wikisource.org/wiki/%D0%A1%D0%B0%D0%B4%D0%BA%D0%BE
685;А.;;Веселый;Россия, кровью умытая;0;1;
686;Е.;А.;Боратынский;Весна, весна!..;0;1;ru.wikisource.org/wiki/%D0%92%D0%B5%D1%81%D0%BD%D0%B0,_%D0%B2%D0%B5%D1%81%D0%BD%D0%B0!..
687;Е.;А.;Боратынский;Чудный град;0;1;ru.wikisource.org/wiki/%D0%A7%D1%83%D0%B4%D0%BD%D1%8B%D0%B9_%D0%B3%D1%80%D0%B0%D0%B4_%D0%BF%D0%BE%D1%80%D0%BE%D0%B9_%D1%81%D0%BE%D0%BB%D1%8C%D1%91%D1%82%D1%81%D1%8F_(%D0%91%D0%BE%D1%80%D0%B0%D1%82%D1%8B%D0%BD%D1%81%D0%BA%D0%B8%D0%B9)
688;Гомер;;;Одиссея (фрагмент);0;1;ru.wikisource.org/wiki/%D0%9E%D0%B4%D0%B8%D1%81%D1%81%D0%B5%D1%8F
689;Виктор;;Гюго;Собор Парижской Богоматери;0;1;"ru.wikisource.org/wiki/%D0%A1%D0%BE%D0%BB%D0%BE%D0%B2%D0%B5%D0%B9_(%D0%90%D0%BD%D0%B4%D0%B5%D1%80%D1%81%D0%B5%D0%BD;_%D0%93%D0%B0%D0%BD%D0%B7%D0%B5%D0%BD)"
690;А.;И.;Солженицын;Один день Ивана Денисовича;0;1;
691;А.;И.;Солженицын;Матрёнин двор;0;1;
692;А.;И.;Солженицын;Архипелаг ГУЛАГ;0;1;
693;А.;И.;Солженицын;Как нам обустроить Россию;0;1;
694;Греческие;;мифы;Титан Атлант и счастливая Аркадия;0;1;ru.wikisource.org/wiki/%D0%A2%D1%8B%D1%81%D1%8F%D1%87%D0%B0_%D0%B8_%D0%BE%D0%B4%D0%BD%D0%B0_%D0%BD%D0%BE%D1%87%D1%8C
695;Греческие;;мифы;Атлант и Геракл;0;1;ru.wikisource.org/wiki/%D0%A2%D1%8B%D1%81%D1%8F%D1%87%D0%B0_%D0%B8_%D0%BE%D0%B4%D0%BD%D0%B0_%D0%BD%D0%BE%D1%87%D1%8C
696;Греческие;;мифы;Скотный двор царя Авгия;0;1;ru.wikisource.org/wiki/%D0%A2%D1%8B%D1%81%D1%8F%D1%87%D0%B0_%D0%B8_%D0%BE%D0%B4%D0%BD%D0%B0_%D0%BD%D0%BE%D1%87%D1%8C
697;Греческие;;мифы;Яблоки Гесперид;0;1;ru.wikisource.org/wiki/%D0%A2%D1%8B%D1%81%D1%8F%D1%87%D0%B0_%D0%B8_%D0%BE%D0%B4%D0%BD%D0%B0_%D0%BD%D0%BE%D1%87%D1%8C
698;Греческие;;мифы;Геродот Арион;0;1;ru.wikisource.org/wiki/%D0%93%D0%B5%D1%80%D0%BE%D0%B4%D0%BE%D1%82
699;Э.;;Сетон-Томпсон;Снап (история бультерьера);0;1;ru.wikisource.org/wiki/%D0%A7%D0%B5%D1%80%D0%B5%D0%BF%D0%B0%D1%85%D0%B0
700;Туве;;Янссон;Последний в мире дракон;0;1;ru.wikisource.org/wiki/%D0%A1%D0%BE%D0%BD%D1%8F_%D0%B2_%D1%86%D0%B0%D1%80%D1%81%D1%82%D0%B2%D0%B5_%D0%B4%D0%B8%D0%B2%D0%B0_(%D0%9A%D1%8D%D1%80%D1%80%D0%BE%D0%BB%D0%BB)/1879_(%D0%94%D0%9E)
701;А.;;Арбузов;Иркутская история;0;1;
702;А.;;Арбузов;Жестокие игры;0;1;
703;Надежда;;Тэффи;Ностальгия;0;1;
704;Б.;;Пильняк;Голый год;0;1;
705;Пословицы и поговорки народов мира;;;Россия;0;1;
706;Пословицы и поговорки народов мира;;;Азия;0;1;
707;Пословицы и поговорки народов мира;;;Европа;0;1;
708;Пословицы и поговорки народов мира;;;Америка;0;1;
709;Ф.;А.;Абрамов;О чём плачут лошади;0;1;
710;Ф.;А.;Абрамов;"Тетралогия Пряслины:
Две зимы и три лета
Братья и сестры
Пути-перепутья
Дом";0;1;
711;Ф.;А.;Абрамов;Две зимы и три лета;0;1;
712;Ф.;А.;Абрамов;Братья и сестры;0;1;
713;Ф.;А.;Абрамов;Пути-перепутья;0;1;
714;Ф.;А.;Абрамов;Дом;0;1;
715;Ф.;А.;Абрамов;Поездка в прошлое;0;1;
716;Леонид;;Андреев;Кусака;0;1;ru.wikisource.org/wiki/%D0%9A%D1%83%D1%81%D0%B0%D0%BA%D0%B0
717;Луиджи;;Пиранделло;Черепаха;0;1;ru.wikisource.org/wiki/%D0%A7%D0%B5%D1%80%D0%B5%D0%BF%D0%B0%D1%85%D0%B0
718;Рэй;;Брэдбери;Каникулы (Брэдбери);0;1;ru.wikisource.org/wiki/%D0%A1%D0%BE%D0%BD%D1%8F_%D0%B2_%D1%86%D0%B0%D1%80%D1%81%D1%82%D0%B2%D0%B5_%D0%B4%D0%B8%D0%B2%D0%B0_(%D0%9A%D1%8D%D1%80%D1%80%D0%BE%D0%BB%D0%BB)/1879_(%D0%94%D0%9E)
719;Рэй;;Брэдбери;Зелёное утро;0;1;ru.wikisource.org/wiki/%D0%A1%D0%BE%D0%BD%D1%8F_%D0%B2_%D1%86%D0%B0%D1%80%D1%81%D1%82%D0%B2%D0%B5_%D0%B4%D0%B8%D0%B2%D0%B0_(%D0%9A%D1%8D%D1%80%D1%80%D0%BE%D0%BB%D0%BB)/1879_(%D0%94%D0%9E)
720;Рэй;;Брэдбери;Вино из одуванчиков;0;1;ru.wikisource.org/wiki/%D0%A1%D0%BE%D0%BD%D1%8F_%D0%B2_%D1%86%D0%B0%D1%80%D1%81%D1%82%D0%B2%D0%B5_%D0%B4%D0%B8%D0%B2%D0%B0_(%D0%9A%D1%8D%D1%80%D1%80%D0%BE%D0%BB%D0%BB)/1879_(%D0%94%D0%9E)
721;Астрид;;Линдгрен;Приключения Калле Блумквиста;0;1;ru.wikisource.org/wiki/%D0%A1%D0%BE%D0%BD%D1%8F_%D0%B2_%D1%86%D0%B0%D1%80%D1%81%D1%82%D0%B2%D0%B5_%D0%B4%D0%B8%D0%B2%D0%B0_(%D0%9A%D1%8D%D1%80%D1%80%D0%BE%D0%BB%D0%BB)/1879_(%D0%94%D0%9E)
722;Астрид;;Линдгрен;Расмус-бродяга;0;1;ru.wikisource.org/wiki/%D0%A1%D0%BE%D0%BD%D1%8F_%D0%B2_%D1%86%D0%B0%D1%80%D1%81%D1%82%D0%B2%D0%B5_%D0%B4%D0%B8%D0%B2%D0%B0_(%D0%9A%D1%8D%D1%80%D1%80%D0%BE%D0%BB%D0%BB)/1879_(%D0%94%D0%9E)
723;К.;;Бальмонт; Стихотворения по выбору учащихся;1;0;
724;А.;;Вампилов;Старший сын;1;0;
725;П.;;Мериме;;1;0;
726;П.;;Мериме; Новеллы;1;0;
727;А.;Н.;Арбузов;Мой бедный Марат;1;0;
728;А.;Н.;Арбузов;Годы странствий;1;0;
729;М.;;Рид;Белый вождь;1;0;
730;М.;;Рид;Оцеола – вождь семинолов;1;0;
731;А.;И.;Герцен;Былое и думы;1;0;
732;А.;И.;Герцен;Сорока-воровка;1;0;
733;А.;И.;Герцен;Доктор Крупов;1;0;
734;А.;И.;Герцен;Кто виноват?;1;0;
735;Э.;А.;Гофман;Щелкунчик и Мышиный король;1;0;
736;Волков;;;Волшебник Изумрудного города;1;0;
737;Н.;Н.;Носов;Витя Малеев в школе и дома;1;0;
738;Н.;Н.;Носов;Приключения Незнайки;1;0;
739;Н.;Н.;Носов; Рассказы;1;0;
740;Гримм;;;Сказки братьев ;1;0;
741;Д.;;Лондон;Зов предков;1;0;
742;Д.;;Лондон;Любовь к жизни;1;0;
743;В.;;Даль; Девочка снегурочка и другие рассказы;1;0;
744;В.;;Скотт;Ричард Львиное Сердце;1;0;
745;В.;;Скотт;Квентин Дорвард;1;0;
746;В.;;Скотт;Айвенго;1;0;
747;В.;;Маяковский;Облако в штанах;1;0;
748;С.;;Маршак;Горя бояться-счастья не видать;1;0;
749;С.;;Маршак;Двенадцать месяцев;1;0;
750;А.;П.;Гайдар;РВС;1;0;
751;А.;П.;Гайдар;Чук и Гек;1;0;
752;В.;Ф.;Тендряков;Шестьдесят свечей;1;0;
753;В.;Ф.;Тендряков;Люди и нелюди;1;0;
754;В.;Ф.;Тендряков;Ночь после выпуска;1;0;
755;А.;;Аверченко;Рассказы (2-3);1;0;
756;В.;Н.;Крупин;Живая вода;1;0;
757;В.;Н.;Крупин;Великорецкая капель;1;0;
758;В.;Н.;Крупин;Сороковой день;1;0;
759;Б.;;Пастернак;Доктор Живаго;1;0;
760;А.;М.;Горький;Пепе;1;0;
761;А.;М.;Горький;Детство;1;0;
762;С.;;Есенин; Стихотворения разных лет;1;0;
763;Т.;;Толстая;Кысь;1;0;
764;Т.;;Толстая;Йорик;1;0;
765;Т.;;Толстая;На золотом крыльце сидели. . . ;1;0;
766;Д.;;Родари;Чипполино;1;0;
767;Б.;А.;Можаев;Мужики и бабы;1;0;
768;А.;;Платонов;Рассказы (2-3);1;0;
769;В.;;Белов;Скворцы;1;0;
770;В.;;Белов;Поющие камни;1;0;
771;А.;;Солженицын;Один день Ивана Денисовича;1;0;
772;А.;;Солженицын;Матренин двор;1;0;
773;Ю.;;Олеша;Три толстяка;1;0;
774;В.;;Гете;Фауст;1;0;
775;В.;Ф.;Одоевский;Городок в табакерке;1;0;
776;В.;;Каверин;Два капитана;1;0;
777;Ю.;;Бондарев;Берег;1;0;
778;Ю.;;Бондарев;Горячий снег;1;0;
779;Ю.;;Бондарев;Выбор;1;0;
780;Ю.;;Бондарев;Батальоны просят огня;1;0;
781;М.;;Булгаков;Мастер и Маргарита;1;0;
782;М.;;Булгаков;Собачье сердце;1;0;
783;Куприн;;;Слон;1;0;
784;Куприн;;;Белый пудель;1;0;
785;Куприн;;;Чудесный доктор;1;0;
786;К.;И.;Чуковский;Мойдодыр;1;0;
787;К.;И.;Чуковский;Краденное солнце;1;0;
788;К.;И.;Чуковский;Муха- Цокотуха;1;0;
789;К.;И.;Чуковский;Телефон;1;0;
790;К.;И.;Чуковский;Тараканище;1;0;
791;К.;И.;Чуковский;Чукоккала;1;0;
792;Трубачев;;;Васек Трубачев и его товарищи;1;0;
793;Ф.;А.;Искандер;Сандро из Чегема;1;0;
794;А.;;Бустужев-Марлинский;Лейтенант Бельвизор;1;0;
795;М.;;Шолохов;Тихий Дон;1;0;
796;М.;М.;Пришвин;Разговор птиц и зверей;1;0;
797;М.;М.;Пришвин;Рассказы о природе;1;0;
798;М.;М.;Пришвин;Кладовая солнца;1;0;
799;Ю.;;Яковлев;Собирающий облака;1;0;
800;Ю.;;Яковлев;Когда уезжает друг;1;0;
801;Э.;Н.;Успенский;Приключения в Простоквашино;1;0;
802;Ч.;;Айтматов;Свидание с сыном;1;0;
803;Б.;С.;Житков;Помощь идет;1;0;
804;И.;;Бунин;Господин из СанФранциско;1;0;
805;И.;;Бунин;Солнечный удар;1;0;
806;И.;;Бунин;Темные аллеи;1;0;
807;Г.;Х.;Андерсен; Сказки;1;0;
808;Э.;;Успенский; Рассказы, сказки для детей;1;0;
809;Н.;;Добролюбов;Луч света в темном царстве;1;0;
810;Б.;И.;Житков;Что я видел;1;0;
811;Баранкин;;;Баранкин, будь человеком;1;0;
812;Л.;;Улицкая; Любая проза;1;0;
813;В.;;Астафьев;Фотография, на которой меня нет;1;0;
814;В.;В.;Бианки;Чей нос лучше?;1;0;
815;В.;В.;Бианки; Рассказы о природе;1;0;
816;В.;В.;Бианки;Кто чем поет?;1;0;
817;А.;О.;Ишимова; История России в рассказах для детей;1;0;
818;Замятин;;;Огненная А;1;0;
819;В.;;Осеева; Рассказы;1;0;
820;Мюнхгаузен;;;Удивительные приключения барона Мюнхгаузена;1;0;
821;М.;;Зощенко;Карусель;1;0;
822;М.;;Зощенко;Рассказы (2-3);1;0;
823;Р.;;Брэдбери;;1;0;
824;Р.;;Брэдбери; ;1;0;
825;Р.;;Брэдбери; Фантастические рассказы;1;0;
826;М.;;Цветаева; Стихотворения по выбору учащихся;1;0;
827;К.;Д.;Ушинский;Четыре желания;1;0;
828;Д.;;Мамин-Сибиряк;Приемыш;1;0;
829;Д.;;Мамин-Сибиряк;Емеля-охотник;1;0;
830;В.;;Гюго;Собор Парижской Богоматери;1;0;
831;В.;;Гюго;Козетта;1;0;
832;С.;В.;Михалков; Стихи для детей;1;0;
833;С.;В.;Михалков;Дядя Степа;1;0;
834;С.;В.;Михалков;А что у вас?;1;0;
835;Н.;;Гумилев; Стихотворения по выбору учащихся;1;0;
836;К.;;Паустовский;Растрепанный воробей;1;0;
837;К.;;Паустовский;Черная курица;1;0;
838;К.;;Паустовский;Теплый хлеб;1;0;
839;А.;;Ахматова;Реквием;1;0;
840;В.;;Гауф;Маленький Мук;1;0;
841;Ю.;М.;Лермонтов;Мцыри;1;0;
842;Чапек;;; Сказки и веселые истории;1;0;
843;Б.;;Мольер;Мещанин во дворянстве;1;0;
844;Б.;;Мольер;Тартюф;1;0;
845;С.;;Алексеев;Сто рассказов из русской истории;1;0;
846;С.;;Алексеев;Исторические повести;1;0;
847;М.;;Ефетов;Девочка из Сталинграда;1;0;
848;М.;;Ефетов;Граната в ушанке;1;0;
849;С.;;Аксаков;Аленький цветочек;1;0;
850;В.;;Брюсов; Стихотворения по выбору учащихся;1;0;
851;Ш.;;Пьеро;Красная шапочка;1;0;
852;Ш.;;Пьеро;Кот в сапогах;1;0;
853;А.;А.;Ахматова;;1;0;
854;А.;А.;Ахматова; ;1;0;
855;А.;А.;Ахматова; Стихотворения;1;0;
856;В.;;Одоевского;Литературные сказки (Андерсена, братьев Гримм, Перро, Гауфа, Гофмана, Пушкина, , Погорельского, Гаршина и др;1;0;
857;В.;;Одоевского; );1;0;
858;Паустовский;;;Старый челн;1;0;
859;Паустовский;;;Заячьи лапы;1;0;
860;Паустовский;;;Подарок;1;0;
861;Паустовский;;;Золотой линь;1;0;
862;Паустовский;;;Барсучий нос;1;0;
863;Паустовский;;;Летние дни;1;0;
864;Паустовский;;;Стекольный мастер;1;0;
865;С.;Я.;Маршак;Детки в клетке;1;0;
866;С.;Я.;Маршак;Почта;1;0;
867;С.;Я.;Маршак;Вот такой рассеянный;1;0;
868;Е.;;Чарушин; Рассказы;1;0;
869;Е.;;Пермяк; Торопливый ножик и другие рассказы;1;0;
870;А.;;Конан;Рассказы о Шерлоке Холмсе;1;0;
871;Короленко;;;Слепой музыкант;1;0;
872;Короленко;;;В дурном обществе;1;0;
873;А.;Л.;Барто; Стихи для маленьких;1;0;
874;А.;;Куприн;Гранатовый браслет;1;0;
875;А.;;Куприн;Олеся;1;0;
876;В.;П.;Катаев;Сын полка;1;0;
877;Н.;;Носов;Веселая семейка;1;0;
878;В.;;Губарев;Королевство кривых зеркал;1;0;
879;А.;;Твардовский; ;1;0;
880;А.;;Твардовский; Обзор творчества;1;0;
881;М.;М.;Зощенко;Встреча;1;0;
882;М.;М.;Зощенко;Монтер;1;0;
883;М.;М.;Зощенко;Галоша;1;0;
884;Н.;;Сладков; Рассказы о живой природе;1;0;
885;Н.;Г.;Помяловский;Очерки бурсы;1;0;
886;В.;;Распутин;Прощание с Матерой;1;0;
887;А.;;Блок;Двенадцать;1;0;
888;А.;;Блок;Стихи о Прекрасной Даме;1;0;
889;Носов;;;Незнайка на Луне;1;0;
890;Носов;;;Незнайка в Солнечном городе;1;0;
891;Носов;;;Витя Малеев в школе и дома;1;0;
892;Носов;;;Приключения Незнайки;1;0;
893;Л.;;Андреев; Петька на даче;1;0;
894;Р.;;Киплинг;Маугли;1;0;
895;А.;;Дюма;Три мушкетера;1;0;
896;А.;;Дюма;Асканио;1;0;
897;А.;;Дюма;Двадцать лет спустя;1;0;
898;Аленушкин;;;Аленушкины сказки;1;0;
899;Тургенев;;;Записок охотника;1;0;
900;Тургенев;;;Бежин луг;1;0;
901;Б.;;Заходер;Веселые стихи;1;0;